-- MySQL dump 10.13  Distrib 8.0.33, for Win64 (x86_64)
--
-- Host: localhost    Database: nojoke
-- ------------------------------------------------------
-- Server version	8.0.33

/*!40101 SET @OLD_CHARACTER_SET_CLIENT=@@CHARACTER_SET_CLIENT */;
/*!40101 SET @OLD_CHARACTER_SET_RESULTS=@@CHARACTER_SET_RESULTS */;
/*!40101 SET @OLD_COLLATION_CONNECTION=@@COLLATION_CONNECTION */;
/*!50503 SET NAMES utf8mb4 */;
/*!40103 SET @OLD_TIME_ZONE=@@TIME_ZONE */;
/*!40103 SET TIME_ZONE='+00:00' */;
/*!40014 SET @OLD_UNIQUE_CHECKS=@@UNIQUE_CHECKS, UNIQUE_CHECKS=0 */;
/*!40014 SET @OLD_FOREIGN_KEY_CHECKS=@@FOREIGN_KEY_CHECKS, FOREIGN_KEY_CHECKS=0 */;
/*!40101 SET @OLD_SQL_MODE=@@SQL_MODE, SQL_MODE='NO_AUTO_VALUE_ON_ZERO' */;
/*!40111 SET @OLD_SQL_NOTES=@@SQL_NOTES, SQL_NOTES=0 */;

--
-- Current Database: `nojoke`
--

CREATE DATABASE /*!32312 IF NOT EXISTS*/ `nojoke` /*!40100 DEFAULT CHARACTER SET utf8mb4 COLLATE utf8mb4_unicode_ci */ /*!80016 DEFAULT ENCRYPTION='N' */;

USE `nojoke`;

--
-- Table structure for table `DEMO`
--

DROP TABLE IF EXISTS `DEMO`;
/*!40101 SET @saved_cs_client     = @@character_set_client */;
/*!50503 SET character_set_client = utf8mb4 */;
CREATE TABLE `DEMO` (
  `ID` varchar(100) CHARACTER SET utf8mb3 COLLATE utf8mb3_bin NOT NULL,
  `NAME` varchar(255) CHARACTER SET utf8mb3 COLLATE utf8mb3_bin DEFAULT NULL COMMENT '名称',
  `CREATE_TIME` datetime DEFAULT NULL COMMENT '创建时间',
  `INFO` varchar(255) CHARACTER SET utf8mb3 COLLATE utf8mb3_bin DEFAULT NULL COMMENT '描述',
  `AGE` int DEFAULT NULL,
  PRIMARY KEY (`ID`) USING BTREE
) ENGINE=InnoDB DEFAULT CHARSET=utf8mb3 COLLATE=utf8mb3_bin;
/*!40101 SET character_set_client = @saved_cs_client */;

--
-- Dumping data for table `DEMO`
--

LOCK TABLES `DEMO` WRITE;
/*!40000 ALTER TABLE `DEMO` DISABLE KEYS */;
INSERT INTO `DEMO` VALUES ('555 ASDASD ASDASD ASDASD','ASDASDA','2020-02-12 10:59:35','1212',NULL),('ASDA3SD ASDASD','SADSAD','2019-06-22 14:01:54','212',NULL),('ASDAS1D ASDASD','SADSAD','2020-02-12 10:59:33','21121',NULL),('ASDAS2D ASDASD','ASDASDA','2019-06-22 22:02:00',NULL,NULL),('bd7001ce0b6181668226827be6b025e1','xxx','2019-02-12 10:09:10','123123',NULL),('d5e781aaf42d18bcfc562354e82bad31','12123',NULL,NULL,NULL),('df4a42791d958e7cdf74ace7c5fc6ba2','1','2019-10-09 16:00:00','1',NULL),('f6d3658605c9363da7274522b6e81015','12','2020-02-12 10:59:35','1',NULL);
/*!40000 ALTER TABLE `DEMO` ENABLE KEYS */;
UNLOCK TABLES;

--
-- Table structure for table `DEMO_APP`
--

DROP TABLE IF EXISTS `DEMO_APP`;
/*!40101 SET @saved_cs_client     = @@character_set_client */;
/*!50503 SET character_set_client = utf8mb4 */;
CREATE TABLE `DEMO_APP` (
  `ID` varchar(100) CHARACTER SET utf8mb3 COLLATE utf8mb3_bin NOT NULL,
  `NAME` varchar(255) CHARACTER SET utf8mb3 COLLATE utf8mb3_bin DEFAULT NULL COMMENT '名称',
  `CREATE_TIME` datetime DEFAULT NULL COMMENT '创建时间',
  `INFO` varchar(255) CHARACTER SET utf8mb3 COLLATE utf8mb3_bin DEFAULT NULL COMMENT '描述',
  `DESC` varchar(255) CHARACTER SET utf8mb3 COLLATE utf8mb3_bin DEFAULT NULL,
  `AGE` int DEFAULT NULL,
  PRIMARY KEY (`ID`) USING BTREE
) ENGINE=InnoDB DEFAULT CHARSET=utf8mb3 COLLATE=utf8mb3_bin;
/*!40101 SET character_set_client = @saved_cs_client */;

--
-- Dumping data for table `DEMO_APP`
--

LOCK TABLES `DEMO_APP` WRITE;
/*!40000 ALTER TABLE `DEMO_APP` DISABLE KEYS */;
INSERT INTO `DEMO_APP` VALUES ('555 ASDASD ASDASD ASDASD','ASDASDA','2020-02-12 10:59:35','1212','AS',2134),('ASDA3SD ASDASD','SADSAD','2019-06-22 14:01:54','212','AS',2134),('ASDAS1D ASDASD','SADSAD','2020-02-12 10:59:33','21121','AS',2134),('ASDAS2D ASDASD','ASDASDA','2019-06-22 22:02:00',NULL,'AS',2134),('bd7001ce0b6181668226827be6b025e1','xxx','2019-02-12 10:09:10','123123','AS',2134),('d5e781aaf42d18bcfc562354e82bad31','12123',NULL,NULL,'AS',2134),('df4a42791d958e7cdf74ace7c5fc6ba2','1','2019-10-09 16:00:00','1','AS',2134),('f6d3658605c9363da7274522b6e81015','12','2020-02-12 10:59:35','1','AS',2134);
/*!40000 ALTER TABLE `DEMO_APP` ENABLE KEYS */;
UNLOCK TABLES;

--
-- Table structure for table `SYS_CONFIG`
--

DROP TABLE IF EXISTS `SYS_CONFIG`;
/*!40101 SET @saved_cs_client     = @@character_set_client */;
/*!50503 SET character_set_client = utf8mb4 */;
CREATE TABLE `SYS_CONFIG` (
  `CONFIG_KEY` varchar(50) CHARACTER SET utf8mb3 COLLATE utf8mb3_bin NOT NULL COMMENT '配置key',
  `PARENT_KEY` varchar(50) CHARACTER SET utf8mb3 COLLATE utf8mb3_bin DEFAULT NULL COMMENT '所属key',
  `INFO` varchar(100) CHARACTER SET utf8mb3 COLLATE utf8mb3_bin DEFAULT NULL COMMENT '说明',
  `CONFIG_VALUE` varchar(255) CHARACTER SET utf8mb3 COLLATE utf8mb3_bin DEFAULT NULL COMMENT '配置的值',
  `DISABLE` int DEFAULT '0' COMMENT '0有效 其他失效',
  PRIMARY KEY (`CONFIG_KEY`)
) ENGINE=InnoDB DEFAULT CHARSET=utf8mb3 COLLATE=utf8mb3_bin;
/*!40101 SET character_set_client = @saved_cs_client */;

--
-- Dumping data for table `SYS_CONFIG`
--

LOCK TABLES `SYS_CONFIG` WRITE;
/*!40000 ALTER TABLE `SYS_CONFIG` DISABLE KEYS */;
INSERT INTO `SYS_CONFIG` VALUES ('1111','-','阿斯顿撒的','奥术大师的',0),('111111','-','111','11111',1),('666','-','666','6666',1),('config','-',NULL,NULL,0),('config1','config2222','系统配置','configValue',1),('config2','config','系统配置','configValue',0),('config3','config','系统配置','configValue',0),('system','-','系统配置','-',0),('system1','system','系统配置','systemValue',0),('system2','system','系统配置','systemValue',0),('system3','system','系统配置','systemValue',0),('system4','system','系统配置','systemValue',0),('system:xss:enabled','-','xss配置开关','true',0),('white_list','white_list','白名单数据','admin',0),('wx_config','-','微信配置相关','-',0),('wx_token','wx_config','微信授权','xxx',0);
/*!40000 ALTER TABLE `SYS_CONFIG` ENABLE KEYS */;
UNLOCK TABLES;

--
-- Table structure for table `SYS_DEPT_INFO`
--

DROP TABLE IF EXISTS `SYS_DEPT_INFO`;
/*!40101 SET @saved_cs_client     = @@character_set_client */;
/*!50503 SET character_set_client = utf8mb4 */;
CREATE TABLE `SYS_DEPT_INFO` (
  `DEPT_ID` varchar(50) NOT NULL,
  `DEPT_NAME` varchar(50) NOT NULL DEFAULT '' COMMENT '部门名字',
  `PARENT_DEPT_ID` varchar(50) NOT NULL DEFAULT '' COMMENT '上级部门。一级部门的上级部门为空字符串',
  `DEPT_PATH` varchar(255) NOT NULL DEFAULT '' COMMENT '部门路径',
  `DEPT_LEVEL` int NOT NULL DEFAULT '0' COMMENT '部门等级',
  `DISABLE` int NOT NULL DEFAULT '0' COMMENT '状态.1代表正常。0代表已删除',
  `NUMBER_LEVEL` int DEFAULT NULL COMMENT '层级',
  `BUSINESS_LEVEL` varchar(500) DEFAULT NULL COMMENT '业务层级',
  PRIMARY KEY (`DEPT_ID`)
) ENGINE=InnoDB DEFAULT CHARSET=utf8mb3 COMMENT='部门信息表';
/*!40101 SET character_set_client = @saved_cs_client */;

--
-- Dumping data for table `SYS_DEPT_INFO`
--

LOCK TABLES `SYS_DEPT_INFO` WRITE;
/*!40000 ALTER TABLE `SYS_DEPT_INFO` DISABLE KEYS */;
INSERT INTO `SYS_DEPT_INFO` VALUES ('1325121829601280001','总经办','4444','跟部门/总经办',0,0,2,'4444:1325121829601280001:'),('1325122003077693442','市场部','4444','跟部门/市场部',0,0,2,'4444:1325122003077693442:'),('1325123225058803713','软件部','4444','',0,0,2,'4444:1325123225058803713:'),('1325123334769213441','人事部','4444','',0,0,2,'4444:1325123334769213441:'),('4444','跟部门','0000','跟部门',0,0,1,'4444:');
/*!40000 ALTER TABLE `SYS_DEPT_INFO` ENABLE KEYS */;
UNLOCK TABLES;

--
-- Table structure for table `SYS_DICE_INFO`
--

DROP TABLE IF EXISTS `SYS_DICE_INFO`;
/*!40101 SET @saved_cs_client     = @@character_set_client */;
/*!50503 SET character_set_client = utf8mb4 */;
CREATE TABLE `SYS_DICE_INFO` (
  `ID` varchar(50) NOT NULL,
  `DICE_NAME` varchar(50) NOT NULL DEFAULT '' COMMENT '字典名称',
  `DICE_CODE` varchar(50) NOT NULL DEFAULT '' COMMENT '字典编码',
  `PARENT_DICE_CODE` varchar(50) NOT NULL DEFAULT '' COMMENT '所属字典',
  `DICE_VALUE` varchar(255) NOT NULL DEFAULT '' COMMENT '字典值',
  `SORT` int NOT NULL DEFAULT '0' COMMENT '排序',
  `DESCRIPTION` varchar(255) NOT NULL DEFAULT '' COMMENT '描述',
  `DISABLE` int NOT NULL DEFAULT '1' COMMENT '状态. 1代表正常。 0代表已删除',
  PRIMARY KEY (`ID`),
  UNIQUE KEY `DICE_CODE` (`DICE_CODE`) USING BTREE
) ENGINE=InnoDB DEFAULT CHARSET=utf8mb3 COMMENT='数据字典表';
/*!40101 SET character_set_client = @saved_cs_client */;

--
-- Dumping data for table `SYS_DICE_INFO`
--

LOCK TABLES `SYS_DICE_INFO` WRITE;
/*!40000 ALTER TABLE `SYS_DICE_INFO` DISABLE KEYS */;
INSERT INTO `SYS_DICE_INFO` VALUES ('1115910753563779073','质量报告','质量报告','','/quality_report/',0,'质量报告',0),('1115911643695751169','22','222','质量报告','222',2,'222',0),('1116169054240587778','1','1','质量报告','1',1,'12',0),('1116262455376044034','asd','asdsa','质量报告','1',1,'1',0),('1116597034087997441','sss','sss','','sss',1,'',0),('1116601419975192577','11','sssqq11s','','qqq',0,'',0),('1116640222618140673','11','11','sssqq11s','11',11,'11',0),('1116640932076285954','333','3333ssss','222','333',33,'333333',0),('1116640932076285955','系统编码','system','','system',0,'',0),('1148629722358673409','微信key','wx-key','system','key-wx-key-xxx',0,'',0),('1148629722845212674','微信value','wx-value','system','key-wx-key-xxx',0,'',0),('1148629723600187393','支付宝key','alipay-key','system','key-wx-key-xxx',0,'',0),('1148629723990257666','支付宝value','alipay-value','system','key-wx-key-xxx',0,'',0),('1178552193427894273','1','1112','','1',1,'1',0);
/*!40000 ALTER TABLE `SYS_DICE_INFO` ENABLE KEYS */;
UNLOCK TABLES;

--
-- Table structure for table `SYS_FILES`
--

DROP TABLE IF EXISTS `SYS_FILES`;
/*!40101 SET @saved_cs_client     = @@character_set_client */;
/*!50503 SET character_set_client = utf8mb4 */;
CREATE TABLE `SYS_FILES` (
  `ID` varchar(50) CHARACTER SET utf8mb3 COLLATE utf8mb3_bin NOT NULL,
  `CREATE_TIME` timestamp NOT NULL DEFAULT CURRENT_TIMESTAMP COMMENT '创建时间',
  `DISABLE` int DEFAULT '1' COMMENT '状态. 1代表正常. 0代表已删除',
  `UPDATE_TIME` timestamp NOT NULL DEFAULT CURRENT_TIMESTAMP COMMENT '更新时间',
  `FILE_KEY` varchar(2047) CHARACTER SET utf8mb3 COLLATE utf8mb3_bin DEFAULT '' COMMENT '文件key',
  `HEIGHT` int DEFAULT '0' COMMENT '高度',
  `MEDIA_TYPE` varchar(50) CHARACTER SET utf8mb3 COLLATE utf8mb3_bin NOT NULL COMMENT '文件头类型',
  `NAME` varchar(255) CHARACTER SET utf8mb3 COLLATE utf8mb3_bin NOT NULL COMMENT '名称',
  `PATH` varchar(1023) CHARACTER SET utf8mb3 COLLATE utf8mb3_bin NOT NULL COMMENT '路径',
  `FILE_SIZE` bigint NOT NULL COMMENT '大小',
  `SUFFIX` varchar(50) CHARACTER SET utf8mb3 COLLATE utf8mb3_bin DEFAULT '' COMMENT '后缀',
  `THUMB_PATH` varchar(1023) CHARACTER SET utf8mb3 COLLATE utf8mb3_bin DEFAULT '' COMMENT '压缩路径',
  `FILE_TYPE` int DEFAULT '0' COMMENT '类型',
  `WIDTH` int DEFAULT '0' COMMENT '宽度',
  PRIMARY KEY (`ID`)
) ENGINE=InnoDB DEFAULT CHARSET=utf8mb3 COLLATE=utf8mb3_bin;
/*!40101 SET character_set_client = @saved_cs_client */;

--
-- Dumping data for table `SYS_FILES`
--

LOCK TABLES `SYS_FILES` WRITE;
/*!40000 ALTER TABLE `SYS_FILES` DISABLE KEYS */;
INSERT INTO `SYS_FILES` VALUES ('18a70aa0a05357e1c760c9415f507a72','2020-01-18 09:22:07',0,'2020-01-18 09:22:07','upload/2020/1/新建文件-ea8437ce20644c7a7a21f4871f7b9fdc.txt',0,'text/plain','新建文件','upload/2020/1/新建文件-ea8437ce20644c7a7a21f4871f7b9fdc.txt',30,'txt','',0,0),('1be32a8d24da1a93414a4316fd189d5f','2020-03-02 15:55:55',0,'2020-03-02 15:55:55','upload/2020/3/1-8141be17491e7538070bae817eb15d74.png',592,'image/png','1','upload/2020/3/1-8141be17491e7538070bae817eb15d74.png',571015,'png','upload/2020/3/1-8141be17491e7538070bae817eb15d74-thumbnail.png',0,566),('2d3a7d5b457a8e33caa0a1cac5ec3441','2020-03-01 15:50:25',0,'2020-03-01 15:50:25','upload/2020/3/4E7AC6D7759E3A324C8BEC5B19F0044E-1fc9a6ff313e0f9343fea091a7d37954.png',401,'image/png','4E7AC6D7759E3A324C8BEC5B19F0044E','upload/2020/3/4E7AC6D7759E3A324C8BEC5B19F0044E-1fc9a6ff313e0f9343fea091a7d37954.png',7698,'png','upload/2020/3/4E7AC6D7759E3A324C8BEC5B19F0044E-1fc9a6ff313e0f9343fea091a7d37954-thumbnail.png',0,567),('4cbfadcfb86038ebb14f58174af9869e','2020-03-04 01:44:10',0,'2020-03-04 01:44:10','upload/2020/3/4E7AC6D7759E3A324C8BEC5B19F0044E 2-e2a29b95be57893a9b44cab8cf37b97d.png',401,'image/png','4E7AC6D7759E3A324C8BEC5B19F0044E 2','upload/2020/3/4E7AC6D7759E3A324C8BEC5B19F0044E 2-e2a29b95be57893a9b44cab8cf37b97d.png',7698,'png','upload/2020/3/4E7AC6D7759E3A324C8BEC5B19F0044E 2-e2a29b95be57893a9b44cab8cf37b97d-thumbnail.png',0,567),('4e355fb1e97174a4900502ed7577134f','2020-01-18 09:28:29',0,'2020-01-18 09:28:29','upload/2020/1/4E7AC6D7759E3A324C8BEC5B19F0044E-6abb1e470ef23f0c540990113625d03a.png',401,'image/png','4E7AC6D7759E3A324C8BEC5B19F0044E','upload/2020/1/4E7AC6D7759E3A324C8BEC5B19F0044E-6abb1e470ef23f0c540990113625d03a.png',7698,'png','upload/2020/1/4E7AC6D7759E3A324C8BEC5B19F0044E-6abb1e470ef23f0c540990113625d03a-thumbnail.png',0,567),('6c4c4bed77e8b4ac61229a7359c7f3d3','2020-03-02 16:27:29',0,'2020-03-02 16:27:29','upload/2020/3/1-155c2270319f21dfbed8a6fd2ad56011.png',592,'image/png','1','upload/2020/3/1-155c2270319f21dfbed8a6fd2ad56011.png',571015,'png','upload/2020/3/1-155c2270319f21dfbed8a6fd2ad56011-thumbnail.png',0,566),('73a3a2385e9239e32cac7cf55daf1751','2020-03-02 15:56:20',0,'2020-03-02 15:56:20','upload/2020/3/1-07878b7d73ddf4dbb4f014ed6aa6f27f.png',592,'image/png','1','upload/2020/3/1-07878b7d73ddf4dbb4f014ed6aa6f27f.png',571015,'png','upload/2020/3/1-07878b7d73ddf4dbb4f014ed6aa6f27f-thumbnail.png',0,566),('7df7263789a6ce3661cf2fd3668ddaa4','2020-03-02 15:56:02',0,'2020-03-02 15:56:02','upload/2020/3/WechatIMG94-2d86cd25e5e691308bfdb881d1f665b1.jpeg',1000,'image/jpeg','WechatIMG94','upload/2020/3/WechatIMG94-2d86cd25e5e691308bfdb881d1f665b1.jpeg',118676,'jpeg','upload/2020/3/WechatIMG94-2d86cd25e5e691308bfdb881d1f665b1-thumbnail.jpeg',0,776),('93354d120d6f6bf252bdfa55e51b72fe','2020-03-02 15:56:02',0,'2020-03-02 15:56:02','upload/2020/3/1-3bab7d4d46314933cec76102c9c47213.png',592,'image/png','1','upload/2020/3/1-3bab7d4d46314933cec76102c9c47213.png',571015,'png','upload/2020/3/1-3bab7d4d46314933cec76102c9c47213-thumbnail.png',0,566),('95a0b70c99098afe91cf6f333b4dc11a','2020-03-02 15:56:58',0,'2020-03-02 15:56:58','upload/2020/3/1-7cd6873cc62471eccbb63dc0141f1ac2.png',592,'image/png','1','upload/2020/3/1-7cd6873cc62471eccbb63dc0141f1ac2.png',571015,'png','upload/2020/3/1-7cd6873cc62471eccbb63dc0141f1ac2-thumbnail.png',0,566),('e0ab277825bb74274fbb6e23325c3dde','2020-03-02 15:57:20',0,'2020-03-02 15:57:20','upload/2020/3/WechatIMG94-fe2ba6d869f1d790ace36d1ca3ebde57.jpeg',1000,'image/jpeg','WechatIMG94','upload/2020/3/WechatIMG94-fe2ba6d869f1d790ace36d1ca3ebde57.jpeg',118676,'jpeg','upload/2020/3/WechatIMG94-fe2ba6d869f1d790ace36d1ca3ebde57-thumbnail.jpeg',0,776),('e11baea43b35a8874888217e8b0aa615','2020-01-18 09:30:13',0,'2020-01-18 09:30:13','upload/2020/1/4E7AC6D7759E3A324C8BEC5B19F0044E-e1ebd5d60c23aaca6b05bd4a492e6c32.png',401,'image/png','4E7AC6D7759E3A324C8BEC5B19F0044E','upload/2020/1/4E7AC6D7759E3A324C8BEC5B19F0044E-e1ebd5d60c23aaca6b05bd4a492e6c32.png',7698,'png','upload/2020/1/4E7AC6D7759E3A324C8BEC5B19F0044E-e1ebd5d60c23aaca6b05bd4a492e6c32-thumbnail.png',0,567),('e13dac0d88ce2210f060511e3d99cdea','2020-01-18 09:22:37',0,'2020-01-18 09:22:37','upload/2020/1/4E7AC6D7759E3A324C8BEC5B19F0044E 2-ac6143fb82a67b42abac4af8f88c4cd8.png',401,'image/png','4E7AC6D7759E3A324C8BEC5B19F0044E 2','upload/2020/1/4E7AC6D7759E3A324C8BEC5B19F0044E 2-ac6143fb82a67b42abac4af8f88c4cd8.png',7698,'png','upload/2020/1/4E7AC6D7759E3A324C8BEC5B19F0044E 2-ac6143fb82a67b42abac4af8f88c4cd8-thumbnail.png',0,567),('e9897e01fa059f3bd3c2142329b198a9','2020-03-02 15:55:55',0,'2020-03-02 15:55:55','upload/2020/3/WechatIMG94-6b0b950cc780bfe0741fd005071931a7.jpeg',1000,'image/jpeg','WechatIMG94','upload/2020/3/WechatIMG94-6b0b950cc780bfe0741fd005071931a7.jpeg',118676,'jpeg','upload/2020/3/WechatIMG94-6b0b950cc780bfe0741fd005071931a7-thumbnail.jpeg',0,776),('eac7d25fa6628c19e46adbd94be34370','2020-03-02 15:56:20',0,'2020-03-02 15:56:20','upload/2020/3/WechatIMG94-9890e466281dedb689b505ff1692c8b7.jpeg',1000,'image/jpeg','WechatIMG94','upload/2020/3/WechatIMG94-9890e466281dedb689b505ff1692c8b7.jpeg',118676,'jpeg','upload/2020/3/WechatIMG94-9890e466281dedb689b505ff1692c8b7-thumbnail.jpeg',0,776),('ed0aef000a0371ef0a817f08514f01e5','2020-03-02 16:27:12',0,'2020-03-02 16:27:12','upload/2020/3/1-a15ea6c12c6fd3d0fffa998659f86fd0.png',592,'image/png','1','upload/2020/3/1-a15ea6c12c6fd3d0fffa998659f86fd0.png',571015,'png','upload/2020/3/1-a15ea6c12c6fd3d0fffa998659f86fd0-thumbnail.png',0,566),('ed7a69eca6dd19b02f88cecb90a3658f','2020-03-02 15:57:03',0,'2020-03-02 15:57:03','upload/2020/3/WechatIMG94-47d30ee2d73eab5f51afc29655152fe5.jpeg',1000,'image/jpeg','WechatIMG94','upload/2020/3/WechatIMG94-47d30ee2d73eab5f51afc29655152fe5.jpeg',118676,'jpeg','upload/2020/3/WechatIMG94-47d30ee2d73eab5f51afc29655152fe5-thumbnail.jpeg',0,776),('f568e10b4a71dd90aba1bf6f9bf2b792','2020-03-02 15:56:11',0,'2020-03-02 15:56:11','upload/2020/3/WechatIMG94-0d1d11b19b01ff9ecb284e502c9cfdb9.jpeg',1000,'image/jpeg','WechatIMG94','upload/2020/3/WechatIMG94-0d1d11b19b01ff9ecb284e502c9cfdb9.jpeg',118676,'jpeg','upload/2020/3/WechatIMG94-0d1d11b19b01ff9ecb284e502c9cfdb9-thumbnail.jpeg',0,776),('fb63a7c587c815f8f61afca2fbd4d5e5','2020-03-02 15:57:07',0,'2020-03-02 15:57:07','upload/2020/3/1-a097e516b303e4a324b063335cfd5d5d.png',592,'image/png','1','upload/2020/3/1-a097e516b303e4a324b063335cfd5d5d.png',571015,'png','upload/2020/3/1-a097e516b303e4a324b063335cfd5d5d-thumbnail.png',0,566);
/*!40000 ALTER TABLE `SYS_FILES` ENABLE KEYS */;
UNLOCK TABLES;

--
-- Table structure for table `SYS_MENU_INFO`
--

DROP TABLE IF EXISTS `SYS_MENU_INFO`;
/*!40101 SET @saved_cs_client     = @@character_set_client */;
/*!50503 SET character_set_client = utf8mb4 */;
CREATE TABLE `SYS_MENU_INFO` (
  `MENU_ID` varchar(50) NOT NULL,
  `MENU_NAME` varchar(50) NOT NULL DEFAULT '' COMMENT '菜单名称',
  `PARENT_MENU_CODE` varchar(50) NOT NULL DEFAULT '' COMMENT '上级菜单',
  `MENU_ICON` varchar(50) NOT NULL DEFAULT '' COMMENT '图标.(参见layui2.x图标即可)',
  `MENU_TYPE` int NOT NULL DEFAULT '1' COMMENT '菜单类型. 1代表目录。2和3代表菜单。4代表按钮.(最大支持3级菜单)',
  `SORT` int NOT NULL DEFAULT '0' COMMENT '排序',
  `MENU_CODE` varchar(50) NOT NULL DEFAULT '' COMMENT '菜单英文标识',
  `MENU_URL` varchar(255) NOT NULL DEFAULT '' COMMENT '菜单地址',
  `AUTHORIZATION` varchar(255) NOT NULL DEFAULT '' COMMENT '授权标识。多个之间用逗号隔开',
  `DISABLE` int NOT NULL DEFAULT '0' COMMENT '状态.1代表正常。0代表已删除',
  PRIMARY KEY (`MENU_ID`)
) ENGINE=InnoDB DEFAULT CHARSET=utf8mb3 COMMENT='菜单权限表';
/*!40101 SET character_set_client = @saved_cs_client */;

--
-- Dumping data for table `SYS_MENU_INFO`
--

LOCK TABLES `SYS_MENU_INFO` WRITE;
/*!40000 ALTER TABLE `SYS_MENU_INFO` DISABLE KEYS */;
INSERT INTO `SYS_MENU_INFO` VALUES ('1112966344857616386','系统管理','','layui-icon-set-fill',1,10,'sysMng','','',0),('1112974755733204993','用户管理','sysMng','',2,19,'userMng','user/list.html','',0),('1112975139314933761','角色管理','sysMng','',2,18,'roleMng','role/list.html','',0),('1112975278309969922','菜单管理','sysMng','',2,17,'menuMng','menu/list.html','',0),('1112975614172987393','日志管理','1123','',2,15,'sysLog','log/list.html','',0),('1112975721178087426','登录日志','1123','',2,14,'loginLog','loginLog/list.html','',0),('1112975853831434242','数据字典','sysMng','',2,13,'dataDict','dataDict/dictList.html','',0),('1113333920829923329','echarts集成','','layui-icon-chart-screen',1,30,'echarts','','',0),('1113334542035636226','折线图','echarts','',2,31,'line','line/list.html','',0),('1113334674051395586','柱状图','echarts','',2,31,'bar','bar/list.html','',0),('1126023857498173442','新增用户','userMng','',4,0,'userAdd','','user:add',0),('1126024927796473858','更新用户','userMng','',4,0,'userUpdate','','user:update',0),('1126044820419874817','菜单删除','menuMng','',4,0,'menuDelete','','menu:delete',0),('1126049280905560066','用户列表','userMng','',4,0,'userList','','user:userList',0),('1126049883098562562','删除用户','userMng','',4,0,'userDelete','','user:delete',0),('1126050257549246465','恢复用户','userMng','',4,0,'userReset','','user:reset',0),('1126050484595310593','重置密码','userMng','',4,0,'userResetPassword','','user:resetPassword',0),('1126050805824471041','导入用户','userMng','',4,0,'userImport','','user:import',0),('1126050940436463617','导出用户','userMng','',4,0,'userExport','','user:export',0),('1126056089716285441','新增数据字典','dataDict','',4,0,'dataDictAdd','','dataDict:save',0),('1126056377630089217','更新数据字典','dataDict','',4,0,'dataDictUpdate','','dataDict:update',0),('1126056530101428226','数据字典列表','dataDict','',4,0,'dictList','','dataDict:dictList',0),('1126056749694214145','导入字典列表','dataDict','',4,0,'dataDictImport','','dataDict:import',0),('1126056876265725953','导出数据字典','dataDict','',4,0,'dataDictExport','','dataDict:export',0),('1126057712962265090','删除数据字典','dataDict','',4,0,'dataDictDelete','','dataDict:delete',0),('1126063434945089538','日志列表','sysLog','',4,0,'operationLogList','','log:operationLogList',0),('1126063556827369474','登录日志列表','loginLog','',4,0,'loginLogList','','loginLog:loginLogList',0),('1126293684049588226','菜单列表','menuMng','',4,0,'menuList','','menu:menuList',0),('1126293927839313922','菜单新增','menuMng','',4,0,'menuAdd','','menu:add,select:noButton:menuTree',0),('1126294109494620162','菜单编辑','menuMng','',4,0,'menuUpdate','','menu:update,select:noButton:menuTree',0),('1126294703332569089','角色新增','roleMng','',4,0,'roleAdd','','role:add,select:menuTree',0),('1126295042660151297','角色编辑','roleMng','',4,0,'roleUpdate','','role:update,role:userRoleMenus',0),('1126295169936306178','角色列表','roleMng','',4,0,'roleList','','role:roleList',0),('1126295252723478530','角色删除','roleMng','',4,0,'roleDelete','','role:delete',0),('1131086857273638914','演示案例','','layui-icon-group',1,1,'1111','','',0),('1131087041919483905','基本框架','1111','',2,3,'testMng','test/list.html','',0),('1133280429060288513','监控','','layui-icon-camera-fill',1,1,'1123','','',0),('1138588743643717633','sql监控','1123','',2,1,'4444','druid/index.html','',0),('1138840604208594945','机构管理','sysMng','',2,1,'deptMng','dept/list.html','',0),('1138842267690532865','部门列表','deptMng','',4,0,'deptList','','dept:deptList',0),('1147553800111222786','web日志','1123','',2,1,'123','logweb/list.html','',0),('1147555115004469249','列表','123','',4,0,'list','','logweb:list',0),('1150795687641001985','系统配置','sysMng','',2,10,'configMng','config/list.html','',0),('1150796063194787842','配置列表','configMng','',4,0,'configList','','config:configList',0),('1150804439245041666','删除配置','configMng','',4,0,'configDelete','','config:delete',0),('1150805629018091521','修改配置','configMng','',4,0,'configUpdate','','config:update',0),('1150805870735831041','新增配置','configMng','',4,0,'configAdd','','config:add',0),('1157847348920324097','恢复','configMng','',4,0,'configRecovery','','config:recovery',0),('1176170190520758273','文件上传','systemTool','',2,1,'file','file/list.html','',0),('1182828280830537730','系统工具','','layui-icon-align-center',1,6,'systemTool','','',0),('1182829708877803522','代码生成','systemTool','',2,1,'genaratorCode','gen/list.html','',0),('1192377180011401218','恢复数据字典','dataDict','',4,0,'dataDictRecovery','','dataDict:recovery',0),('1225261202025451521','修改部门','deptMng','',4,1,'deptUpdate','','dept:update',0),('1225265193530658817','删除部门','deptMng','',4,1,'deptDelete','','dept:delete',0),('1225266469668622338','部门新增','deptMng','',4,1,'deptAdd','','dept:add',0),('1225284950367633409','机构恢复','deptMng','',4,1,'deptRecovery','','dept:recovery',0),('1225596235096821761','测试按钮','test2','',4,1,'xxxx1111','','ljasdlkjad1',0),('1227757975306383361','demo演示','1111','',2,1,'demoMng','demo/list.html','',0),('1227792297283543041','新增','demoMng','',4,1,'demoAdd','','demo:add',0),('1227796662648037378','列表','demoMng','',4,1,'demoList','','demo:demoList',0),('1227797405371195393','修改','demoMng','',4,1,'demoUpdate','','demo:update',0),('1227802053339430913','删除','demoMng','',4,1,'demoDelete','','demo:delete',0),('1234752271292628993','系统文件管理','systemTool','',2,1,'FilesMng','files/list.html','',0),('1234752271292628994','列表','FilesMng','',4,1,'FilesList','','tool:files:list',0),('1234752271292628995','新增','FilesMng','',4,1,'FilesAdd','','tool:files:add',0),('1234752271292628996','修改','FilesMng','',4,1,'FilesUpdate','','tool:files:update',0),('1234752271292628997','删除','FilesMng','',4,1,'FilesDelete','','tool:files:delete',0),('1238361764459675650','树形选择框','1111','',2,3,'testTree','test/tree.html','',0),('1238392821993127937','树形单选回显','1111','',2,4,'treeCheckMng','test/treeCheck.html','',0),('1302490000092598275','列表','CodeCheckResultMng','',4,1,'CodeCheckResultList','','sys:codeCheck:list',0),('1302490000092598276','新增','CodeCheckResultMng','',4,1,'CodeCheckResultAdd','','sys:codeCheck:add',0),('1302490000092598277','修改','CodeCheckResultMng','',4,1,'CodeCheckResultUpdate','','sys:codeCheck:update',0),('1302490000092598278','删除','CodeCheckResultMng','',4,1,'CodeCheckResultDelete','','sys:codeCheck:delete',0),('1673215342635241473','DemoApp演示','1111','',2,1,'DemoAppMng','demoapp/list.html','',0),('1673215342635241474','列表','DemoAppMng','',4,1,'DemoAppList','','app:demoapp:list',0),('1673215342635241475','新增','DemoAppMng','',4,1,'DemoAppAdd','','app:demoapp:add',0),('1673215342635241476','修改','DemoAppMng','',4,1,'DemoAppUpdate','','app:demoapp:update',0),('1673215342635241477','删除','DemoAppMng','',4,1,'DemoAppDelete','','app:demoapp:delete',0),('1673488022689038338','客户','1673504718426497025','',2,1,'TbCustomerMng','tbCustomer/list.html','',0),('1673488022689038339','列表','TbCustomerMng','',4,1,'TbCustomerList','','app:tbCustomer:list',0),('1673488022689038340','新增','TbCustomerMng','',4,1,'TbCustomerAdd','','app:tbCustomer:add',0),('1673488022689038341','修改','TbCustomerMng','',4,1,'TbCustomerUpdate','','app:tbCustomer:update',0),('1673488022689038342','删除','TbCustomerMng','',4,1,'TbCustomerDelete','','app:tbCustomer:delete',0),('1673504718426497026','客户管理','','layui-icon-username',1,3,'1673504718426497025','','',0),('1674219743873101825','客户联系人管理','1673504718426497025','',2,1,'TbCustLinkmanMng','custLinkman/list.html','',0),('1674219743873101826','列表','TbCustLinkmanMng','',4,1,'TbCustLinkmanList','','app:custLinkman:list',0),('1674219743873101827','新增','TbCustLinkmanMng','',4,1,'TbCustLinkmanAdd','','app:custLinkman:add',0),('1674219743873101828','修改','TbCustLinkmanMng','',4,1,'TbCustLinkmanUpdate','','app:custLinkman:update',0),('1674219743873101829','删除','TbCustLinkmanMng','',4,1,'TbCustLinkmanDelete','','app:custLinkman:delete',0),('1674223607980601346','联系人走访管理','1673504718426497025','',2,1,'TbVisitMng','tbVisit/list.html','',0),('1674223607980601347','列表','TbVisitMng','',4,1,'TbVisitList','','app:tbVisit:list',0),('1674223607980601348','新增','TbVisitMng','',4,1,'TbVisitAdd','','app:tbVisit:add',0),('1674223607980601349','修改','TbVisitMng','',4,1,'TbVisitUpdate','','app:tbVisit:update',0),('1674223607980601350','删除','TbVisitMng','',4,1,'TbVisitDelete','','app:tbVisit:delete',0),('1674225336910401538','客户合同管理','1673504718426497025','',2,1,'TbContractMng','tbContract/list.html','',0),('1674225336910401539','列表','TbContractMng','',4,1,'TbContractList','','app:tbContract:list',0),('1674225336910401540','新增','TbContractMng','',4,1,'TbContractAdd','','app:tbContract:add',0),('1674225336910401541','修改','TbContractMng','',4,1,'TbContractUpdate','','app:tbContract:update',0),('1674225336910401542','删除','TbContractMng','',4,1,'TbContractDelete','','app:tbContract:delete',0),('1674227729970499586','订货单管理','1673504718426497025','',2,1,'TbOrderInfoMng','orderInfo/list.html','',0),('1674227729970499587','列表','TbOrderInfoMng','',4,1,'TbOrderInfoList','','app:orderInfo:list',0),('1674227729970499588','新增','TbOrderInfoMng','',4,1,'TbOrderInfoAdd','','app:orderInfo:add',0),('1674227729970499589','修改','TbOrderInfoMng','',4,1,'TbOrderInfoUpdate','','app:orderInfo:update',0),('1674227729970499590','删除','TbOrderInfoMng','',4,1,'TbOrderInfoDelete','','app:orderInfo:delete',0),('1674375196074684418','通知管理','1673504718426497025','',2,1,'ZzMessageMgr','messageMgr/list.html','',0),('1674375196074684419','列表','ZzMessageMgr','',4,1,'ZzMessageMgrList','','app:messageMgr:list',0),('1674375196074684420','新增','ZzMessageMgr','',4,1,'ZzMessageMgrAdd','','app:messageMgr:add',0),('1674375196074684421','修改','ZzMessageMgr','',4,1,'ZzMessageMgrUpdate','','app:messageMgr:update',0),('1674375196074684422','删除','ZzMessageMgr','',4,1,'ZzMessageMgrDelete','','app:messageMgr:delete',0),('1674375196074684424','列表','ZzMessage','',4,1,'ZzMessageList','','app:message:list',0),('1674375196074684425','新增','ZzMessage','',4,1,'ZzMessageAdd','','app:message:add',0),('1674375196074684426','修改','ZzMessage','',4,1,'ZzMessageUpdate','','app:message:update',0),('1674375196074684427','删除','ZzMessage','',4,1,'ZzMessageDelete','','app:message:delete',0);
/*!40000 ALTER TABLE `SYS_MENU_INFO` ENABLE KEYS */;
UNLOCK TABLES;

--
-- Table structure for table `SYS_ROLE_INFO`
--

DROP TABLE IF EXISTS `SYS_ROLE_INFO`;
/*!40101 SET @saved_cs_client     = @@character_set_client */;
/*!50503 SET character_set_client = utf8mb4 */;
CREATE TABLE `SYS_ROLE_INFO` (
  `ROLE_ID` varchar(50) NOT NULL,
  `PID` varchar(50) DEFAULT NULL COMMENT '上级角色',
  `BUSINESS_LEVEL` varchar(250) NOT NULL COMMENT '业务层级',
  `NUMBER_LEVEL` int DEFAULT '2',
  `ROLE_NAME` varchar(40) NOT NULL COMMENT '角色名称',
  `DESCRIPTION` varchar(255) NOT NULL COMMENT '角色描述',
  `ROLE_CODE` varchar(50) NOT NULL COMMENT '角色编码',
  `CREATE_TIME` datetime NOT NULL DEFAULT CURRENT_TIMESTAMP COMMENT '创建时间',
  `DISABLE` int NOT NULL DEFAULT '1' COMMENT '状态. 1代表正常. 0代表已删除',
  PRIMARY KEY (`ROLE_ID`) USING BTREE
) ENGINE=InnoDB DEFAULT CHARSET=utf8mb3 COMMENT='系统角色表';
/*!40101 SET character_set_client = @saved_cs_client */;

--
-- Dumping data for table `SYS_ROLE_INFO`
--

LOCK TABLES `SYS_ROLE_INFO` WRITE;
/*!40000 ALTER TABLE `SYS_ROLE_INFO` DISABLE KEYS */;
INSERT INTO `SYS_ROLE_INFO` VALUES ('1111','0000','1111:',1,'超级管理员','拥有全部权限','admin','2020-01-19 11:16:48',0),('1218567428905160705','1111','1111:1218567428905160706:',2,'系统管理员','system-admin','system-admin','2020-01-18 08:14:50',0),('1218567729141829633','1111','1111:1218567729141829633:',2,'报表管理员','pro-admin','pro-admin','2022-06-17 01:14:21',0),('1218567872230510594','1218567729141829633','1111:1218567729141829633:1218567872230510595:',3,'用户组长','用户组长','用户组长','2020-01-18 08:16:35',0),('1218567931940622337','1218567729141829633','1111:1218567729141829633:1218567931940622337:',3,'报表组长','报表组长','报表组长','2020-01-23 20:21:14',0),('1218717746478055426','1218567428905160705','1111:1218567428905160706:1218717746478055426:',3,'管理员添加','管理员添加管理员添加22','admin-add','2020-01-19 10:12:29',0),('1224918778421837825','1218567428905160705','1111:1218567428905160706:1224918778421837826:',3,'11','11','11','2020-07-28 09:12:11',0);
/*!40000 ALTER TABLE `SYS_ROLE_INFO` ENABLE KEYS */;
UNLOCK TABLES;

--
-- Table structure for table `SYS_ROLE_MENU`
--

DROP TABLE IF EXISTS `SYS_ROLE_MENU`;
/*!40101 SET @saved_cs_client     = @@character_set_client */;
/*!50503 SET character_set_client = utf8mb4 */;
CREATE TABLE `SYS_ROLE_MENU` (
  `ROLE_ID` varchar(50) CHARACTER SET utf8mb3 COLLATE utf8mb3_bin NOT NULL COMMENT '角色id',
  `MENU_CODE` varchar(50) CHARACTER SET utf8mb3 COLLATE utf8mb3_bin NOT NULL COMMENT '菜单id'
) ENGINE=InnoDB DEFAULT CHARSET=utf8mb3;
/*!40101 SET character_set_client = @saved_cs_client */;

--
-- Dumping data for table `SYS_ROLE_MENU`
--

LOCK TABLES `SYS_ROLE_MENU` WRITE;
/*!40000 ALTER TABLE `SYS_ROLE_MENU` DISABLE KEYS */;
INSERT INTO `SYS_ROLE_MENU` VALUES ('1218567428905160705','echarts'),('1218567428905160705','line'),('1218567428905160705','bar'),('1218567428905160705','sysMng'),('1218567428905160705','userMng'),('1218567428905160705','userAdd'),('1218567428905160705','userUpdate'),('1218567428905160705','userList'),('1218567428905160705','userDelete'),('1218567428905160705','userReset'),('1218567428905160705','userResetPassword'),('1218567428905160705','userImport'),('1218567428905160705','userExport'),('1218567428905160705','roleMng'),('1218567428905160705','roleAdd'),('1218567428905160705','roleUpdate'),('1218567428905160705','roleList'),('1218567428905160705','roleDelete'),('1218567428905160705','menuMng'),('1218567428905160705','menuDelete'),('1218567428905160705','menuList'),('1218567428905160705','menuAdd'),('1218567428905160705','menuUpdate'),('1218567428905160705','dataDict'),('1218567428905160705','dataDictAdd'),('1218567428905160705','dataDictUpdate'),('1218567428905160705','dictList'),('1218567428905160705','dataDictImport'),('1218567428905160705','dataDictExport'),('1218567428905160705','dataDictDelete'),('1218567428905160705','dataDictRecovery'),('1218567428905160705','configMng'),('1218567428905160705','configList'),('1218567428905160705','configDelete'),('1218567428905160705','configUpdate'),('1218567428905160705','configAdd'),('1218567428905160705','configRecover'),('1218567428905160705','deptMng'),('1218567428905160705','deptList'),('1218567428905160705','file'),('1218567428905160705','systemTool'),('1218567428905160705','genaratorCode'),('1218567428905160705','12'),('1218567428905160705','testCase'),('1218567428905160705','testCase/list'),('1218567428905160705','1111'),('1218567428905160705','222'),('1218567428905160705','1123'),('1218567428905160705','sysLog'),('1218567428905160705','operationLogList'),('1218567428905160705','loginLog'),('1218567428905160705','loginLogList'),('1218567428905160705','4444'),('1218567428905160705','123'),('1218567428905160705','list'),('1218567428905160705','test'),('1218567428905160705','test2'),('1218567872230510594','echarts'),('1218567872230510594','line'),('1218567872230510594','bar'),('1218567872230510594','sysMng'),('1218567872230510594','userMng'),('1218567872230510594','userAdd'),('1218567872230510594','userUpdate'),('1218567872230510594','userList'),('1218567872230510594','userDelete'),('1218567872230510594','userReset'),('1218567872230510594','userResetPassword'),('1218567872230510594','userImport'),('1218567872230510594','userExport'),('1218567872230510594','roleMng'),('1218567872230510594','roleAdd'),('1218567872230510594','roleUpdate'),('1218567872230510594','roleList'),('1218567872230510594','roleDelete'),('1218567872230510594','menuMng'),('1218567872230510594','menuDelete'),('1218567872230510594','menuList'),('1218567872230510594','menuAdd'),('1218567872230510594','menuUpdate'),('1218567872230510594','dataDict'),('1218567872230510594','dataDictAdd'),('1218567872230510594','dataDictUpdate'),('1218567872230510594','dictList'),('1218567872230510594','dataDictImport'),('1218567872230510594','dataDictExport'),('1218567872230510594','dataDictDelete'),('1218567872230510594','dataDictRecovery'),('1218567872230510594','configMng'),('1218567872230510594','configList'),('1218567872230510594','configDelete'),('1218567872230510594','configUpdate'),('1218567872230510594','configAdd'),('1218567872230510594','configRecover'),('1218567872230510594','deptMng'),('1218567872230510594','deptList'),('1218567872230510594','file'),('1218567872230510594','systemTool'),('1218567872230510594','genaratorCode'),('1218567872230510594','12'),('1218567872230510594','testCase'),('1218567872230510594','testCase/list'),('1218567872230510594','1111'),('1218567872230510594','222'),('1218567872230510594','1123'),('1218567872230510594','sysLog'),('1218567872230510594','operationLogList'),('1218567872230510594','loginLog'),('1218567872230510594','loginLogList'),('1218567872230510594','4444'),('1218567872230510594','123'),('1218567872230510594','list'),('1218567872230510594','test'),('1218567872230510594','test2'),('1218567931940622337','systemTool'),('1218567931940622337','genaratorCode'),('1218567931940622337','12'),('1218567931940622337','testCase'),('1218567931940622337','testCase/list'),('1218567931940622337','1111'),('1218567931940622337','222'),('1218567931940622337','1123'),('1218567931940622337','sysLog'),('1218567931940622337','operationLogList'),('1218567931940622337','loginLog'),('1218567931940622337','loginLogList'),('1218567931940622337','4444'),('1218567931940622337','123'),('1218567931940622337','list'),('1218567931940622337','test'),('1218567931940622337','test2'),('1111','sysMng'),('1111','userMng'),('1111','userAdd'),('1111','userUpdate'),('1111','userList'),('1111','userDelete'),('1111','userReset'),('1111','userResetPassword'),('1111','userImport'),('1111','userExport'),('1111','roleMng'),('1111','roleAdd'),('1111','roleUpdate'),('1111','roleList'),('1111','roleDelete'),('1111','menuMng'),('1111','menuDelete'),('1111','menuList'),('1111','menuAdd'),('1111','menuUpdate'),('1111','dataDict'),('1111','dataDictAdd'),('1111','dataDictUpdate'),('1111','dictList'),('1111','dataDictImport'),('1111','dataDictExport'),('1111','dataDictDelete'),('1111','dataDictRecovery'),('1111','configMng'),('1111','configList'),('1111','configDelete'),('1111','configUpdate'),('1111','configAdd'),('1111','configRecover'),('1111','deptMng'),('1111','deptList'),('1111','file'),('1111','echarts'),('1111','line'),('1111','bar'),('1111','sysMng'),('1111','userMng'),('1111','userAdd'),('1111','userUpdate'),('1111','userList'),('1111','userDelete'),('1111','userReset'),('1111','userResetPassword'),('1111','userImport'),('1111','userExport'),('1111','roleMng'),('1111','roleAdd'),('1111','roleUpdate'),('1111','roleList'),('1111','roleDelete'),('1111','menuMng'),('1111','menuDelete'),('1111','menuList'),('1111','menuAdd'),('1111','menuUpdate'),('1111','dataDict'),('1111','dataDictAdd'),('1111','dataDictUpdate'),('1111','dictList'),('1111','dataDictImport'),('1111','dataDictExport'),('1111','dataDictDelete'),('1111','dataDictRecovery'),('1111','configMng'),('1111','configList'),('1111','configDelete'),('1111','configUpdate'),('1111','configAdd'),('1111','configRecover'),('1111','deptMng'),('1111','deptList'),('1111','file'),('1111','systemTool'),('1111','genaratorCode'),('1111','12'),('1111','testCase'),('1111','testCase/list'),('1111','1111'),('1111','222'),('1111','1123'),('1111','sysLog'),('1111','operationLogList'),('1111','loginLog'),('1111','loginLogList'),('1111','4444'),('1111','123'),('1111','list'),('1111','test'),('1111','test2'),('1111','echarts'),('1111','line'),('1111','bar'),('1111','sysMng'),('1111','userMng'),('1111','userAdd'),('1111','userUpdate'),('1111','userList'),('1111','userDelete'),('1111','userReset'),('1111','userResetPassword'),('1111','userImport'),('1111','userExport'),('1111','roleMng'),('1111','roleAdd'),('1111','roleUpdate'),('1111','roleList'),('1111','roleDelete'),('1111','menuMng'),('1111','menuDelete'),('1111','menuList'),('1111','menuAdd'),('1111','menuUpdate'),('1111','dataDict'),('1111','dataDictAdd'),('1111','dataDictUpdate'),('1111','dictList'),('1111','dataDictImport'),('1111','dataDictExport'),('1111','dataDictDelete'),('1111','dataDictRecovery'),('1111','configMng'),('1111','configList'),('1111','configDelete'),('1111','configUpdate'),('1111','configAdd'),('1111','configRecover'),('1111','deptMng'),('1111','deptList'),('1111','file'),('1111','systemTool'),('1111','genaratorCode'),('1111','12'),('1111','testCase'),('1111','testCase/list'),('1111','1111'),('1111','222'),('1111','1123'),('1111','sysLog'),('1111','operationLogList'),('1111','loginLog'),('1111','loginLogList'),('1111','4444'),('1111','123'),('1111','list'),('1111','test'),('1111','test2'),('1218717746478055426','testCase'),('1218717746478055426','testCase/list'),('1218717746478055426','1111'),('1218717746478055426','222'),('1218717746478055426','testCase'),('1218717746478055426','testCase/list'),('1218717746478055426','1111'),('1218717746478055426','222'),('1111','echarts'),('1111','line'),('1111','bar'),('1111','sysMng'),('1111','userMng'),('1111','userAdd'),('1111','userUpdate'),('1111','userList'),('1111','userDelete'),('1111','userReset'),('1111','userResetPassword'),('1111','userImport'),('1111','userExport'),('1111','roleMng'),('1111','roleAdd'),('1111','roleUpdate'),('1111','roleList'),('1111','roleDelete'),('1111','menuMng'),('1111','menuDelete'),('1111','menuList'),('1111','menuAdd'),('1111','menuUpdate'),('1111','dataDict'),('1111','dataDictAdd'),('1111','dataDictUpdate'),('1111','dictList'),('1111','dataDictImport'),('1111','dataDictExport'),('1111','dataDictDelete'),('1111','dataDictRecovery'),('1111','configMng'),('1111','configList'),('1111','configDelete'),('1111','configUpdate'),('1111','configAdd'),('1111','configRecover'),('1111','deptMng'),('1111','deptList'),('1111','file'),('1111','systemTool'),('1111','genaratorCode'),('1111','12'),('1111','testCase'),('1111','testCase/list'),('1111','1111'),('1111','222'),('1111','1123'),('1111','sysLog'),('1111','operationLogList'),('1111','loginLog'),('1111','loginLogList'),('1111','4444'),('1111','123'),('1111','list'),('1111','test'),('1111','test2'),('1218567931940622337','systemTool'),('1218567931940622337','genaratorCode'),('1218567931940622337','12'),('1218567931940622337','testCase'),('1218567931940622337','testCase/list'),('1218567931940622337','1111'),('1218567931940622337','222'),('1218567931940622337','1123'),('1218567931940622337','sysLog'),('1218567931940622337','operationLogList'),('1218567931940622337','loginLog'),('1218567931940622337','loginLogList'),('1218567931940622337','4444'),('1218567931940622337','123'),('1218567931940622337','list'),('1218567931940622337','test'),('1218567931940622337','test2'),('1224918778421837825','echarts'),('1224918778421837825','line'),('1224918778421837825','bar'),('1224918778421837825','sysMng'),('1224918778421837825','userMng'),('1224918778421837825','userAdd'),('1224918778421837825','userUpdate'),('1224918778421837825','userList'),('1224918778421837825','userDelete'),('1224918778421837825','userReset'),('1224918778421837825','userResetPassword'),('1224918778421837825','userImport'),('1224918778421837825','userExport'),('1224918778421837825','roleMng'),('1224918778421837825','roleAdd'),('1224918778421837825','roleUpdate'),('1224918778421837825','roleList'),('1224918778421837825','roleDelete'),('1224918778421837825','menuMng'),('1224918778421837825','menuDelete'),('1224918778421837825','menuList'),('1224918778421837825','menuAdd'),('1224918778421837825','menuUpdate'),('1224918778421837825','dataDict'),('1224918778421837825','dataDictAdd'),('1224918778421837825','dataDictUpdate'),('1224918778421837825','dictList'),('1224918778421837825','dataDictImport'),('1224918778421837825','dataDictExport'),('1224918778421837825','dataDictDelete'),('1224918778421837825','dataDictRecovery'),('1224918778421837825','configMng'),('1224918778421837825','configList'),('1224918778421837825','configDelete'),('1224918778421837825','configUpdate'),('1224918778421837825','configAdd'),('1224918778421837825','configRecovery'),('1224918778421837825','deptMng'),('1224918778421837825','deptUpdate'),('1224918778421837825','deptDelete'),('1224918778421837825','deptAdd'),('1224918778421837825','deptRecovery'),('1224918778421837825','deptList'),('1224918778421837825','systemTool'),('1224918778421837825','file'),('1224918778421837825','genaratorCode'),('1224918778421837825','FilesMng'),('1224918778421837825','FilesList'),('1224918778421837825','FilesAdd'),('1224918778421837825','FilesUpdate'),('1224918778421837825','FilesDelete'),('1224918778421837825','1111'),('1224918778421837825','treeCheckMng'),('1224918778421837825','testMng'),('1224918778421837825','testTree'),('1224918778421837825','demoMng'),('1224918778421837825','demoAdd'),('1224918778421837825','demoList'),('1224918778421837825','demoUpdate'),('1224918778421837825','demoDelete'),('1224918778421837825','1123'),('1224918778421837825','sysLog'),('1224918778421837825','operationLogList'),('1224918778421837825','loginLog'),('1224918778421837825','loginLogList'),('1224918778421837825','4444'),('1224918778421837825','123'),('1224918778421837825','list'),('1218567729141829633','1111'),('1218567729141829633','treeCheckMng'),('1218567729141829633','testTree'),('1218567729141829633','testMng'),('1218567729141829633','demoMng'),('1218567729141829633','demoDelete'),('1218567729141829633','demoUpdate'),('1218567729141829633','demoList'),('1218567729141829633','demoAdd');
/*!40000 ALTER TABLE `SYS_ROLE_MENU` ENABLE KEYS */;
UNLOCK TABLES;

--
-- Table structure for table `SYS_USER_DEPT`
--

DROP TABLE IF EXISTS `SYS_USER_DEPT`;
/*!40101 SET @saved_cs_client     = @@character_set_client */;
/*!50503 SET character_set_client = utf8mb4 */;
CREATE TABLE `SYS_USER_DEPT` (
  `USER_ID` varchar(50) CHARACTER SET utf8mb3 COLLATE utf8mb3_bin NOT NULL,
  `DEPT_ID` varchar(50) CHARACTER SET utf8mb3 COLLATE utf8mb3_bin NOT NULL,
  PRIMARY KEY (`USER_ID`,`DEPT_ID`)
) ENGINE=InnoDB DEFAULT CHARSET=utf8mb3;
/*!40101 SET character_set_client = @saved_cs_client */;

--
-- Dumping data for table `SYS_USER_DEPT`
--

LOCK TABLES `SYS_USER_DEPT` WRITE;
/*!40000 ALTER TABLE `SYS_USER_DEPT` DISABLE KEYS */;
/*!40000 ALTER TABLE `SYS_USER_DEPT` ENABLE KEYS */;
UNLOCK TABLES;

--
-- Table structure for table `SYS_USER_INFO`
--

DROP TABLE IF EXISTS `SYS_USER_INFO`;
/*!40101 SET @saved_cs_client     = @@character_set_client */;
/*!50503 SET character_set_client = utf8mb4 */;
CREATE TABLE `SYS_USER_INFO` (
  `USER_ID` varchar(50) NOT NULL,
  `USERNAME` varchar(30) NOT NULL DEFAULT '' COMMENT '用户名称',
  `PASSWORD` varchar(200) NOT NULL DEFAULT '' COMMENT '密码',
  `OLD_PASSWORD` varchar(200) NOT NULL DEFAULT '' COMMENT '旧密码',
  `NICK_NAME` varchar(50) NOT NULL DEFAULT '' COMMENT '姓名',
  `PHONE` varchar(11) NOT NULL DEFAULT '' COMMENT '电话号码',
  `CREATE_TIME` datetime NOT NULL DEFAULT CURRENT_TIMESTAMP COMMENT '创建时间',
  `UPDATE_TIME` datetime DEFAULT NULL COMMENT '最近更新时间',
  `EMAIL` varchar(50) NOT NULL DEFAULT '' COMMENT '邮箱',
  `DISABLE` int NOT NULL DEFAULT '0' COMMENT '1正常,0删除',
  `LOGIN_STATUS` int NOT NULL DEFAULT '0' COMMENT '登录状态。1允许登录。0禁用登录',
  `CREATE_USER_ID` varchar(20) NOT NULL DEFAULT '' COMMENT '创建人ID',
  `DELETE_TIME` datetime DEFAULT NULL COMMENT '删除时间',
  `LOGIN_TIME` datetime DEFAULT NULL COMMENT '最近登录时间',
  `DEPT_ID` varchar(50) DEFAULT NULL COMMENT '角色ID',
  `REMARK` varchar(500) DEFAULT NULL,
  PRIMARY KEY (`USER_ID`),
  UNIQUE KEY `UQE_TB_USER_INFO_USERNAME` (`USERNAME`) USING BTREE,
  UNIQUE KEY `IDX_TB_USER_INFO_MOBILE` (`PHONE`) USING BTREE
) ENGINE=InnoDB DEFAULT CHARSET=utf8mb3 COMMENT='用户信息表';
/*!40101 SET character_set_client = @saved_cs_client */;

--
-- Dumping data for table `SYS_USER_INFO`
--

LOCK TABLES `SYS_USER_INFO` WRITE;
/*!40000 ALTER TABLE `SYS_USER_INFO` DISABLE KEYS */;
INSERT INTO `SYS_USER_INFO` VALUES ('1115864230968729601','root','98124e2a4b96dc88ba01d49345f62a07','98124e2a4b96dc88ba01d49345f62a07','root','13000001111','2019-04-08 22:25:44','2022-06-17 01:13:48','root@163.com',0,0,'','2019-09-20 08:23:59','2022-06-17 01:13:27','1325121829601280001',NULL),('1115864462813077506','admin','98124e2a4b96dc88ba01d49345f62a07','98124e2a4b96dc88ba01d49345f62a07','admin','13000001112','2019-02-22 00:26:39','2019-08-04 03:26:17','admin@163.com',0,0,'','2019-08-05 09:18:27','2023-06-30 03:14:58','OR1200000703',NULL),('1138460331855884289','chensy','98124e2a4b96dc88ba01d49345f62a07','98124e2a4b96dc88ba01d49345f62a07','easternUnbeaten','13000001113','2019-06-11 06:57:50','2020-11-07 17:12:47','chensy@qq.com',0,0,'1115864462813077506','2019-09-21 16:23:59','2020-02-05 14:55:11','1325123334769213441',NULL),('1138463107453333505','bubai','98124e2a4b96dc88ba01d49345f62a07','98124e2a4b96dc88ba01d49345f62a07','不败','13800000000','2019-06-11 15:08:52','2020-11-07 17:13:20','138@qq.com',0,0,'1115864462813077506','2019-09-22 00:23:59',NULL,'1325122003077693442',NULL),('1138463481715273730','dongfang','98124e2a4b96dc88ba01d49345f62a07','98124e2a4b96dc88ba01d49345f62a07','东方大佬','13400002222','2019-06-11 15:10:21','2020-11-07 17:14:12','134@qq.com',0,0,'1115864462813077506','2019-09-22 00:23:59',NULL,'1325123225058803713',NULL),('1138465382401953793','user-1','98124e2a4b96dc88ba01d49345f62a07','11111111','用户调试','13522220000','2019-06-11 15:17:54','2020-11-07 17:13:50','135@qq.com',0,0,'1115864462813077506','2019-09-22 00:23:31',NULL,'1325123334769213441',NULL),('1147850266972839937','zhouliufu','98124e2a4b96dc88ba01d49345f62a07','98124e2a4b96dc88ba01d49345f62a07','周六福','13300001111','2019-07-05 12:50:04','2022-06-17 01:14:10','13300001111@qq.com',0,0,'','2019-09-20 00:23:31','2022-06-17 01:14:29','1325121829601280001',NULL),('1157842323041148930','zhangsan','98124e2a4b96dc88ba01d49345f62a07','98124e2a4b96dc88ba01d49345f62a07','张三','13000001114','2019-08-04 10:34:56','2020-11-07 17:13:32','xx@163.com',0,0,'1115864462813077506','2019-09-22 00:23:31',NULL,'1325122003077693442',NULL),('1157842678214811649','lisi','98124e2a4b96dc88ba01d49345f62a07','98124e2a4b96dc88ba01d49345f62a07','李四','13000001115','2019-08-04 10:36:20','2020-11-07 17:13:02','xxx@162.com',0,0,'1115864462813077506','2020-02-05 13:21:19',NULL,'1325122003077693442',NULL),('1176673562082635778','wangwu','98124e2a4b96dc88ba01d49345f62a07','98124e2a4b96dc88ba01d49345f62a07','王五','13000001116','2019-09-25 01:43:33','2020-02-06 13:30:34','631887790@qq.com',0,0,'1115864462813077506',NULL,NULL,'OR1200000387',NULL),('1189475248153251842','zhaoliu','98124e2a4b96dc88ba01d49345f62a07','98124e2a4b96dc88ba01d49345f62a07','赵六','13000001117','2019-10-30 09:32:56','2020-11-07 17:14:02','21312@qq.com',0,0,'1115864462813077506','2020-02-05 14:49:26','2019-10-30 17:33:14','1325123334769213441',NULL),('1227877059054125057','niuhuanxi','98124e2a4b96dc88ba01d49345f62a07','98124e2a4b96dc88ba01d49345f62a07','牛欢喜','13000001118','2020-02-13 08:47:58','2020-11-07 17:13:13','xx@11.com',0,0,'1115864462813077506',NULL,NULL,'1325123334769213441',NULL);
/*!40000 ALTER TABLE `SYS_USER_INFO` ENABLE KEYS */;
UNLOCK TABLES;

--
-- Table structure for table `SYS_USER_LOGIN_LOG`
--

DROP TABLE IF EXISTS `SYS_USER_LOGIN_LOG`;
/*!40101 SET @saved_cs_client     = @@character_set_client */;
/*!50503 SET character_set_client = utf8mb4 */;
CREATE TABLE `SYS_USER_LOGIN_LOG` (
  `ID` varchar(50) NOT NULL,
  `USER_NAME` varchar(50) NOT NULL DEFAULT '' COMMENT '登录用户名',
  `LOGIN_TIME` datetime NOT NULL DEFAULT CURRENT_TIMESTAMP COMMENT '登录时间',
  `SUCCESS` int NOT NULL DEFAULT '1' COMMENT '是否登录成功.1代表成功。0代表失败',
  `ERROR_LOG` varchar(255) NOT NULL DEFAULT '' COMMENT '错误日志',
  `IP_ADDRESS` varchar(255) NOT NULL DEFAULT '' COMMENT 'IP地址',
  `DURATION` int NOT NULL DEFAULT '0' COMMENT '执行时长(毫秒)',
  `OPERATION_TIME` datetime NOT NULL DEFAULT CURRENT_TIMESTAMP COMMENT '操作时间',
  PRIMARY KEY (`ID`)
) ENGINE=InnoDB DEFAULT CHARSET=utf8mb3 COMMENT='用户登录日志表';
/*!40101 SET character_set_client = @saved_cs_client */;

--
-- Dumping data for table `SYS_USER_LOGIN_LOG`
--

LOCK TABLES `SYS_USER_LOGIN_LOG` WRITE;
/*!40000 ALTER TABLE `SYS_USER_LOGIN_LOG` DISABLE KEYS */;
INSERT INTO `SYS_USER_LOGIN_LOG` VALUES ('03c77abf148e39c54b5750785c2dd5e4','zhouliufu','2022-06-17 01:14:29',1,'','127.0.0.1',0,'2022-06-17 01:14:29'),('078458b8f28a229f5e0beb267e34d63d','root','2022-06-17 01:13:27',1,'','127.0.0.1',0,'2022-06-17 01:13:26'),('0b38ce6eb3ffecde0fd055fe305df8d1','admin','2020-08-20 09:09:57',1,'','127.0.0.1',0,'2020-08-20 09:09:57'),('0c614dd00cd4dba535a5f5e86f36ebbc','admin','2020-09-06 21:26:08',1,'','192.168.250.1',0,'2020-09-07 01:26:08'),('0f902da608296572e9c736e1e517065a','admin','2023-06-28 09:12:43',1,'','127.0.0.1',0,'2023-06-28 01:12:42'),('11b88e6993f57b73306f17af4be53098','admin','2020-04-20 07:36:20',1,'','127.0.0.1',0,'2020-04-20 07:36:05'),('1241897766461341698','admin','2020-03-23 01:21:15',1,'','127.0.0.1',0,'2020-03-23 01:21:15'),('1241918640572825601','admin','2020-03-23 02:44:12',1,'','127.0.0.1',0,'2020-03-23 02:44:12'),('1241929388724289538','admin','2020-03-23 03:26:55',1,'','127.0.0.1',0,'2020-03-23 03:26:54'),('1242721762421448706','admin','2020-03-25 07:55:31',1,'','127.0.0.1',0,'2020-03-25 07:55:31'),('1242750894731632641','admin','2020-03-25 09:51:17',1,'','127.0.0.1',0,'2020-03-25 09:51:17'),('1262284484041482242','admin','2020-05-18 07:30:48',1,'','127.0.0.1',0,'2020-05-18 07:30:47'),('133b0c0c1d0d179dc4a63d754c9f705d','admin','2020-10-24 03:55:00',1,'','127.0.0.1',0,'2020-10-24 03:54:59'),('13803c245fd54b47022f8a6b4a1b0be5','admin','2020-10-24 03:46:54',1,'','127.0.0.1',0,'2020-10-24 03:46:54'),('1604493401fd699d1ad2aee3c00ff2b9','admin','2020-05-08 09:08:08',1,'','127.0.0.1',0,'2020-05-08 09:08:07'),('16c12a2242d7d6af1aba5645c9b85a77','admin','2023-06-28 10:05:28',1,'','127.0.0.1',0,'2023-06-28 02:05:28'),('19ab29664168773692159091e4bc04bc','admin','2020-04-21 02:45:42',1,'','127.0.0.1',0,'2020-04-21 02:45:42'),('1a648f9f29daddfdef342424972f15ff','admin','2020-09-02 06:59:34',1,'','127.0.0.1',0,'2020-09-02 06:59:33'),('1be7066022af6a7119980d57634b97d8','admin','2020-03-21 06:43:28',1,'','127.0.0.1',0,'2020-03-21 06:43:34'),('1c95c980c87e99576305605894e77bfb','admin','2020-05-08 03:51:59',1,'','127.0.0.1',0,'2020-05-08 03:51:59'),('20511f02e26df9a8968ca0f2ae7dda9e','admin','2020-09-06 04:55:03',1,'','127.0.0.1',0,'2020-09-06 04:55:03'),('235fab0a9027aa49468fb7472eb9243c','admin','2020-09-02 07:50:56',1,'','127.0.0.1',0,'2020-09-02 07:50:56'),('2576abb97ee62fe43393420dc7a89478','admin','2020-04-07 08:25:52',1,'','127.0.0.1',0,'2020-04-07 08:25:51'),('26db8796c813b724802a497a2d715a48','admin','2022-06-16 06:42:42',1,'','127.0.0.1',0,'2022-06-16 14:42:42'),('2963b24f3476206498254911f8d20178','admin','2020-04-21 10:07:40',1,'','127.0.0.1',0,'2020-04-21 10:07:40'),('29ddcef8d4d8b07ab93d68eda72714b5','admin','2020-07-29 07:10:42',1,'','127.0.0.1',0,'2020-07-29 07:10:42'),('2a338dc7dbb122c0396521b72939b749','admin','2023-06-30 00:59:52',1,'','127.0.0.1',0,'2023-06-29 16:59:51'),('2bccaddc1d5b4a2c0add5f619a128f9a','admin','2020-04-29 14:48:26',1,'','127.0.0.1',0,'2020-04-29 14:48:31'),('2c1c188e2c00c48bf7ae78e5e9c5f108','admin','2022-06-16 18:12:36',1,'','127.0.0.1',0,'2022-06-17 02:12:35'),('2c9010ac183e2873133c978bb363259d','admin','2020-08-12 01:50:57',1,'','127.0.0.1',0,'2020-08-12 01:50:57'),('2d4e6c432b04876555110130f46751c0','admin','2023-06-26 06:42:05',1,'','127.0.0.1',0,'2023-06-26 06:42:05'),('3093f95caf14ae9e387abc245571be7e','admin','2020-04-17 08:51:19',1,'','127.0.0.1',0,'2020-04-17 08:51:19'),('30b1ddcf529e717c727a8626c691a8a4','admin','2020-04-24 01:16:34',1,'','127.0.0.1',0,'2020-04-24 01:16:34'),('321165bcfc373ed925c4323acd9f5f32','admin','2020-07-27 07:56:17',1,'','127.0.0.1',0,'2020-07-27 07:56:16'),('32d93bbd924b905d87e24af12a2802b8','admin','2020-03-23 05:25:51',1,'','127.0.0.1',0,'2020-03-23 05:25:51'),('33324846e2f88df64dc6f18e5daed9bd','admin','2023-06-27 14:07:49',1,'','127.0.0.1',0,'2023-06-27 06:07:48'),('352f8bf9ca8b3015d7cd75f9d096c7b1','admin','2020-08-31 02:52:45',1,'','127.0.0.1',0,'2020-08-31 02:52:44'),('371eae373c97e5feece5e3f55f36ad33','admin','2023-06-30 03:14:57',1,'','127.0.0.1',0,'2023-06-29 19:14:57'),('3afdba1e4f939f29685f0bac0c3a4e40','admin','2020-10-24 03:51:27',1,'','127.0.0.1',0,'2020-10-24 03:51:26'),('3d2707f02e1e400ce0c6df10a8ce4b06','admin','2020-10-24 03:56:50',1,'','127.0.0.1',0,'2020-10-24 03:56:49'),('3e6177e3e22ef9f9cdea90012a8767e7','admin','2020-04-17 07:38:00',1,'','127.0.0.1',0,'2020-04-17 07:37:59'),('3e66e8786b88207b05e82acbfc84c193','admin','2020-07-28 09:01:25',1,'','127.0.0.1',0,'2020-07-28 09:01:26'),('3f5985fc4585cc599cbebc968156cb11','admin','2020-08-01 06:07:17',1,'','127.0.0.1',0,'2020-08-01 06:07:18'),('404b49bd333e5028cc3b499e8b8e15cd','admin','2020-05-06 15:13:13',1,'','127.0.0.1',0,'2020-05-06 15:13:15'),('4171fc43b69c37c5962c98775587b591','admin','2022-06-15 05:39:52',1,'','127.0.0.1',0,'2022-06-15 13:39:52'),('42ce75e867c4ad183c286b886aafd61c','admin','2020-09-06 22:00:59',1,'','127.0.0.1',0,'2020-09-06 14:00:59'),('44fb4db32a5ecbb8450682a54fc29387','admin','2020-07-30 06:56:54',1,'','127.0.0.1',0,'2020-07-30 06:56:54'),('460c124d4f42303ac6a52e847d65f3e0','admin','2020-08-01 06:45:18',1,'','127.0.0.1',0,'2020-08-01 06:45:19'),('46d2a7a162c766ff94df91c4a4c12c38','root','2022-06-17 01:13:17',1,'','127.0.0.1',0,'2022-06-17 01:13:16'),('48ac263811fab66864998788e60f0951','admin','2020-09-07 09:27:38',1,'','127.0.0.1',0,'2020-09-07 01:27:38'),('4bd9897e414e82d0f4816d8a63a6e1d0','admin','2020-05-07 10:00:58',1,'','127.0.0.1',0,'2020-05-07 10:00:58'),('4e3b6c195a58890ccd6ab33d7fbf6d0c','admin','2020-09-08 16:16:18',1,'','127.0.0.1',0,'2020-09-08 08:16:18'),('50767ff0c6d0a08551aad443bb611e27','admin','2020-07-26 08:57:41',1,'','127.0.0.1',0,'2020-07-26 08:57:41'),('51ed50ed83c892224da63e4784b35bb9','admin','2020-09-05 08:56:47',1,'','127.0.0.1',0,'2020-09-05 08:56:47'),('52c6858460314762618dc8b2b128a18e','admin','2020-04-07 07:01:08',1,'','127.0.0.1',0,'2020-04-07 07:01:08'),('5311f984946c23fc709985d359fa6b14','admin','2020-11-07 16:58:12',1,'','127.0.0.1',0,'2020-11-07 16:55:56'),('57fa654e8382d5bff126e170af6495ff','admin','2023-06-29 14:30:52',1,'','127.0.0.1',0,'2023-06-29 06:30:52'),('582f29f7fa8b65ae363f01cdca493b37','admin','2022-06-16 06:43:13',1,'','127.0.0.1',0,'2022-06-16 14:43:13'),('5846fe8467cd49471d0a86940c0e87fc','admin','2020-05-14 03:09:37',1,'','127.0.0.1',0,'2020-05-14 03:09:37'),('5966fb1e9432a6751dc91dc6458c499a','admin','2020-04-09 02:51:36',1,'','127.0.0.1',0,'2020-04-09 02:51:36'),('5a52b41e4d646e447f7236c5d2ccf5e0','admin','2020-04-21 03:42:31',1,'','127.0.0.1',0,'2020-04-21 03:42:30'),('5c414f959c11318c5eaa3a9b936cc9ca','admin','2022-06-16 08:44:49',1,'','127.0.0.1',0,'2022-06-16 16:44:48'),('5cc4d21b3e7595f941e501ade5754111','admin','2020-09-06 13:20:23',1,'','127.0.0.1',0,'2020-09-06 13:20:23'),('5e3936847b6ec75c968ec7c34c67c7a1','admin','2020-04-17 02:18:02',1,'','127.0.0.1',0,'2020-04-17 02:18:02'),('5e7de60198e14e03436cbaf37dc602b8','admin','2020-09-06 10:19:08',1,'','127.0.0.1',0,'2020-09-06 10:19:07'),('5f7928a91afbc7658e9b71dc58fd79db','admin','2020-05-07 09:03:38',1,'','127.0.0.1',0,'2020-05-07 09:03:38'),('60491fdcc1db23d7b01bf1253b02c687','admin','2023-06-27 00:35:35',1,'','127.0.0.1',0,'2023-06-27 00:35:34'),('62534e921bce6cbfc9449898ca1a5aab','admin','2020-05-23 05:36:16',1,'','127.0.0.1',0,'2020-05-23 05:36:16'),('628e25131485e70bc9b4a833d01b8dbc','admin','2020-07-27 07:26:03',1,'','127.0.0.1',0,'2020-07-27 07:26:03'),('640654200f548f10de7fe9c9282307dc','admin','2020-04-21 10:06:48',1,'','127.0.0.1',0,'2020-04-21 10:06:47'),('64f85b5819dd33d03bee771f15eb48f2','admin','2020-09-02 07:45:11',1,'','127.0.0.1',0,'2020-09-02 07:45:12'),('65aa3d22caa252cbcec7f3e6806bbbf9','admin','2020-05-09 01:20:31',1,'','127.0.0.1',0,'2020-05-09 01:20:30'),('65e6a474a1528c4a3989dc88a1680e6f','admin','2020-09-05 08:57:08',1,'','127.0.0.1',0,'2020-09-05 08:57:07'),('68557770e2333f28a33e24ba73dd342f','admin','2020-04-21 07:30:57',1,'','127.0.0.1',0,'2020-04-21 07:30:40'),('6a649c5394ef75145b4f6b9eb0c108e8','admin','2020-04-07 10:02:03',1,'','127.0.0.1',0,'2020-04-07 10:02:02'),('6bc9571bc7cd222c6b315fcf557b9053','admin','2022-06-15 17:40:34',1,'','127.0.0.1',0,'2022-06-16 01:40:34'),('6bdade3506fc942fd6e643f13fee3851','admin','2020-04-20 01:22:42',1,'','127.0.0.1',0,'2020-04-20 01:22:42'),('6f87e712c12bad502363a9a13fcb7a3e','admin','2022-06-17 00:48:38',1,'','127.0.0.1',0,'2022-06-17 08:48:38'),('72596256fb039c1e8a89a0ef87dd611d','admin','2020-09-03 06:47:21',1,'','127.0.0.1',0,'2020-09-03 06:47:21'),('74cf95a0297b8da6112485af55b68e78','admin','2020-05-11 07:50:59',1,'','127.0.0.1',0,'2020-05-11 07:50:58'),('7651a8ee2aa6c76aac235e5194cdd870','admin','2020-04-20 07:30:18',1,'','127.0.0.1',0,'2020-04-20 07:30:03'),('769bccd762ac9bf786fe33c0635b3e9a','admin','2020-03-22 13:13:17',1,'','127.0.0.1',0,'2020-03-22 13:13:16'),('78bf811558a7cb71358ada3d49823838','admin','2020-09-05 08:56:23',1,'','127.0.0.1',0,'2020-09-05 08:56:23'),('7b703b37b657156c4f4d3c3d49b019c3','admin','2022-06-15 09:26:24',1,'','127.0.0.1',0,'2022-06-15 17:26:24'),('7df37b2c7c283daa2f8eecd1d0d20762','admin','2020-09-03 01:47:42',1,'','127.0.0.1',0,'2020-09-03 01:47:42'),('7f5793f81ee0912f0863f80fbb6871b1','admin','2022-06-16 08:44:17',1,'','127.0.0.1',0,'2022-06-16 16:44:17'),('81a46293cac640f8ec95c49300c24ba8','admin','2020-08-31 02:48:34',1,'','127.0.0.1',0,'2020-08-31 02:48:34'),('82a1bb62d96f4e01c13a747a2be963a8','admin','2020-04-29 07:18:57',1,'','127.0.0.1',0,'2020-04-29 07:10:16'),('833a04d0705b8671af7ce267a05c86c8','admin','2020-05-07 05:37:13',1,'','127.0.0.1',0,'2020-05-07 05:37:12'),('85aa6f085d837d6b62b2f600127f4a62','admin','2020-04-03 14:23:34',1,'','127.0.0.1',0,'2020-04-03 14:23:34'),('86405deebe7d73c0a4937ee646674822','admin','2023-06-29 08:36:11',1,'','127.0.0.1',0,'2023-06-29 00:36:11'),('8729197c64f13504200c81a0fedc818b','admin','2020-10-24 03:51:35',1,'','127.0.0.1',0,'2020-10-24 03:51:34'),('892c50159a68f1c3cc5890304c27c313','admin','2020-05-07 04:32:22',1,'','127.0.0.1',0,'2020-05-07 04:32:21'),('897ef7b0b218eef3f1185f4a40f777de','admin','2022-06-16 08:46:43',1,'','127.0.0.1',0,'2022-06-16 16:46:43'),('8af1f9c4c1918b559a8101e5631dbec9','admin','2020-04-17 01:40:48',1,'','127.0.0.1',0,'2020-04-17 01:40:48'),('8dca542ec89f733f16183563f5d96faa','admin','2023-06-29 17:43:23',1,'','127.0.0.1',0,'2023-06-29 09:43:23'),('8de90022605e16ebb8cb3ff3ed3967f1','admin','2020-04-21 09:51:53',1,'','127.0.0.1',0,'2020-04-21 09:51:53'),('8f1f1b973570da9257fb6d6e475453dd','admin','2020-04-15 06:53:55',1,'','127.0.0.1',0,'2020-04-15 06:53:55'),('91798532f370103fb945877ceb82ac8e','admin','2020-04-21 07:38:44',1,'','127.0.0.1',0,'2020-04-21 07:38:27'),('936da7c9ae498f4ed3c5078b2126a540','admin','2020-04-21 08:29:09',1,'','127.0.0.1',0,'2020-04-21 08:28:52'),('93fb9082712d7048cae2824ea44cc2ba','admin','2020-10-27 09:01:09',1,'','127.0.0.1',0,'2020-10-27 09:01:09'),('95da434b804c126da7d9fed67a517042','admin','2020-09-07 09:35:11',1,'','127.0.0.1',0,'2020-09-07 01:35:11'),('9654cf216af009044ac3643f01c4fe8e','admin','2020-04-20 01:24:45',1,'','127.0.0.1',0,'2020-04-20 01:24:30'),('9aad7cc58d386a89889ae9167771c834','admin','2022-06-15 05:58:38',1,'','127.0.0.1',0,'2022-06-15 13:58:37'),('a0c82b03ddad56822d434a26256c9649','admin','2020-09-05 06:50:41',1,'','127.0.0.1',0,'2020-09-05 06:50:40'),('a23b01632231410e7ea122c7a9b7db1d','admin','2022-06-17 01:14:40',1,'','127.0.0.1',0,'2022-06-17 01:14:39'),('a308ff88816bdc2ac85067fadb31fd12','admin','2022-06-16 08:44:05',1,'','127.0.0.1',0,'2022-06-16 16:44:05'),('a4eda61508f84e3117ba3c16bb4eb29e','admin','2023-06-27 16:03:03',1,'','127.0.0.1',0,'2023-06-27 08:03:03'),('a5151665cad3cc85cd172e56b3dfcb21','admin','2020-07-28 08:14:18',1,'','127.0.0.1',0,'2020-07-28 08:14:19'),('a70e9e01527e28e133d2ca83bd3494a2','admin','2020-03-22 14:31:20',1,'','127.0.0.1',0,'2020-03-22 14:31:19'),('a7b90e8b4ec766b08208a8268f47bebb','admin','2020-07-24 07:55:40',1,'','127.0.0.1',0,'2020-07-24 07:55:40'),('a801e04054ab9741e588c3fb7e69e83e','admin','2020-04-17 03:48:58',1,'','127.0.0.1',0,'2020-04-17 03:48:57'),('a81b79189ae656ebf7d20d89c8041628','admin','2020-05-14 10:38:15',1,'','127.0.0.1',0,'2020-05-14 10:38:15'),('b145c65c87ba643db149c8b6beccd130','admin','2020-04-16 08:27:52',1,'','127.0.0.1',0,'2020-04-16 08:27:51'),('b1fb5004dee11e82dff0d72d57df3626','admin','2020-03-22 07:48:15',1,'','127.0.0.1',0,'2020-03-22 07:48:22'),('b4f7d0c03e18bf87fa3f213951b43d3b','admin','2020-09-02 13:56:31',1,'','127.0.0.1',0,'2020-09-02 13:56:31'),('b4f8d656477c03e2a49fc7887171b48e','admin','2022-06-15 05:41:03',1,'','127.0.0.1',0,'2022-06-15 13:41:03'),('b74edeee31db80390e46f89dbc9fdf41','admin','2020-03-16 09:32:30',1,'','127.0.0.1',0,'2020-03-16 09:32:29'),('b7f8000fe979045af7e10d39ea1dbb67','admin','2020-09-06 07:26:37',1,'','127.0.0.1',0,'2020-09-06 07:26:36'),('b828bca859c7fb0f88377acc2275b6e7','admin','2022-06-15 17:36:25',1,'','127.0.0.1',0,'2022-06-16 01:36:24'),('bebbd4a0b6bfce0f16d16269086acef4','admin','2023-06-29 21:14:22',1,'','127.0.0.1',0,'2023-06-29 13:14:21'),('c24c4709d410cd9cd0b8b40df6649d54','admin','2020-05-09 10:28:05',1,'','127.0.0.1',0,'2020-05-09 10:28:04'),('c30e5cb927057b6fc0bf51334e564bca','admin','2020-10-04 16:56:08',1,'','127.0.0.1',0,'2020-10-04 16:56:08'),('c33623e3f32c73450dfcf1dffe584d0a','admin','2022-06-17 00:44:28',1,'','127.0.0.1',0,'2022-06-17 00:44:28'),('c61097b222f4dadaa952380d7398de3c','admin','2020-05-08 01:32:24',1,'','127.0.0.1',0,'2020-05-08 01:32:24'),('c8154a5aebc25fde195fdd43bdf34bd5','admin','2020-09-06 06:10:31',1,'','127.0.0.1',0,'2020-09-06 06:10:31'),('c849f97a16a76bc7bb140be38338bb54','admin','2020-04-30 03:54:07',1,'','127.0.0.1',0,'2020-04-30 03:54:07'),('cb7fe436d5eda047194673b959fc3d2c','admin','2020-09-03 02:22:31',1,'','127.0.0.1',0,'2020-09-03 02:22:31'),('cbfb18140c7782f7d4667eaf12e3193c','admin','2020-04-08 07:16:33',1,'','127.0.0.1',0,'2020-04-08 07:16:33'),('cd223bb7037ba44b029d255b595b0dfb','admin','2020-04-21 04:35:55',1,'','127.0.0.1',0,'2020-04-21 04:35:54'),('cd40013d51d9d0b4c0a34f33224c2a60','admin','2020-09-06 12:58:01',1,'','127.0.0.1',0,'2020-09-06 12:58:00'),('cda34aa5bdd15ee7d48fdccacd83b4a0','admin','2020-04-17 05:47:58',1,'','127.0.0.1',0,'2020-04-17 05:47:57'),('d237c842483b53c030c665a214cc04ef','admin','2023-06-29 18:44:44',1,'','127.0.0.1',0,'2023-06-29 10:44:43'),('d33c5a4a11f200df21963807cb49a2f9','admin','2020-08-10 07:42:49',1,'','127.0.0.1',0,'2020-08-10 07:42:49'),('d7af21bae13e97c2b4bea9835ef0b821','admin','2020-04-07 08:09:29',1,'','127.0.0.1',0,'2020-04-07 08:09:28'),('d9424d2e32da2efdb5fe61d623e4fa4b','admin','2020-04-13 02:27:27',1,'','127.0.0.1',0,'2020-04-13 02:27:27'),('dfcd62a2d10f256ef3b45bbec97fe2ba','admin','2023-06-27 01:31:37',1,'','127.0.0.1',0,'2023-06-27 01:31:36'),('e08064bf29efaf98d74f7e63e81a5c9c','admin','2020-05-08 07:16:06',1,'','127.0.0.1',0,'2020-05-08 07:16:05'),('e1661e670cd6443ef80789969cb7e435','admin','2020-08-11 02:06:04',1,'','127.0.0.1',0,'2020-08-11 02:06:04'),('e36293c4d89f3b7a719df7fcd8934fc8','admin','2020-05-18 07:37:28',1,'','127.0.0.1',0,'2020-05-18 07:37:28'),('e5ae35673b662dbc184495306b8422ef','admin','2020-03-21 08:07:43',1,'','127.0.0.1',0,'2020-03-21 08:07:50'),('e6912a9573b8b239f117ad5bc9db028a','admin','2020-04-13 01:32:13',1,'','127.0.0.1',0,'2020-04-13 01:32:12'),('e6a38ac29d445baeba19a859568a18f4','admin','2020-04-16 08:16:55',1,'','127.0.0.1',0,'2020-04-16 08:16:55'),('e7d33e96faa7fe9e6a53c279dda6c17c','admin','2020-04-29 13:41:54',1,'','127.0.0.1',0,'2020-04-29 13:41:54'),('ea2921ce05f3ccbf70a12dd50bf4509e','admin','2020-04-16 07:35:09',1,'','192.168.213.1',0,'2020-04-16 07:34:59'),('ec6a7ff535ab3f96eebf2053cae375d2','admin','2022-06-15 08:49:01',1,'','127.0.0.1',0,'2022-06-15 16:49:00'),('edbb8d266c880d197240b860ff86ba0a','admin','2020-08-31 02:25:10',1,'','127.0.0.1',0,'2020-08-31 02:25:10'),('ee18d557afb7349495c67afa75906417','admin','2020-05-07 08:21:56',1,'','127.0.0.1',0,'2020-05-07 08:21:55'),('ef228b047523b598355f0dff0bc30b7b','admin','2023-06-27 15:14:45',1,'','127.0.0.1',0,'2023-06-27 07:14:45'),('ef7f124ec6c7c3942d9a1aba39665f49','admin','2022-06-15 16:51:11',1,'','127.0.0.1',0,'2022-06-16 00:51:11'),('f024ec1a99b53db40fb95b62541e6af5','admin','2020-04-16 09:01:37',1,'','127.0.0.1',0,'2020-04-16 09:01:36'),('f083c8b3cb9048b1cd1cab0bffe95af2','admin','2020-07-27 06:07:51',1,'','127.0.0.1',0,'2020-07-27 06:07:51'),('f38820170d8239f64cb1e8457ef92451','admin','2020-04-13 06:47:53',1,'','127.0.0.1',0,'2020-04-13 06:47:53'),('f46da8c63d8241cb84017f5632bba9be','admin','2020-04-16 08:25:34',1,'','127.0.0.1',0,'2020-04-16 08:25:34'),('f5e549f918dbb40cae3c4e509de307e9','admin','2020-03-22 05:37:43',1,'','127.0.0.1',0,'2020-03-22 05:37:49'),('f85ca52cdced4a828244652621c545e5','admin','2020-09-03 06:31:05',1,'','127.0.0.1',0,'2020-09-03 06:31:05'),('f879c550b45271dcce0890145401df5a','admin','2022-06-16 15:18:47',1,'','127.0.0.1',0,'2022-06-16 23:18:47'),('ff391d6b12b15505f2788c2b0d115a64','admin','2022-06-16 08:44:27',1,'','127.0.0.1',0,'2022-06-16 16:44:27');
/*!40000 ALTER TABLE `SYS_USER_LOGIN_LOG` ENABLE KEYS */;
UNLOCK TABLES;

--
-- Table structure for table `SYS_USER_OPERATION_LOG`
--

DROP TABLE IF EXISTS `SYS_USER_OPERATION_LOG`;
/*!40101 SET @saved_cs_client     = @@character_set_client */;
/*!50503 SET character_set_client = utf8mb4 */;
CREATE TABLE `SYS_USER_OPERATION_LOG` (
  `ID` varchar(50) NOT NULL,
  `USER_NAME` varchar(50) NOT NULL DEFAULT '' COMMENT '用户名',
  `OPERATION_MODULE` varchar(255) NOT NULL DEFAULT '' COMMENT '操作模块',
  `OPERATION_TYPE` varchar(255) NOT NULL DEFAULT '' COMMENT '操作类型',
  `VISIT_METHOD` varchar(255) NOT NULL DEFAULT '' COMMENT '请求方法',
  `PARAMETERS` varchar(255) NOT NULL DEFAULT '' COMMENT '请求参数',
  `IP_ADDRESS` varchar(255) NOT NULL DEFAULT '' COMMENT 'IP地址',
  `DURATION` int NOT NULL DEFAULT '0' COMMENT '执行时长',
  `OPERATION_TIME` datetime NOT NULL DEFAULT CURRENT_TIMESTAMP COMMENT '操作时间',
  PRIMARY KEY (`ID`)
) ENGINE=InnoDB DEFAULT CHARSET=utf8mb3 COMMENT='用户操作日志表';
/*!40101 SET character_set_client = @saved_cs_client */;

--
-- Dumping data for table `SYS_USER_OPERATION_LOG`
--

LOCK TABLES `SYS_USER_OPERATION_LOG` WRITE;
/*!40000 ALTER TABLE `SYS_USER_OPERATION_LOG` DISABLE KEYS */;
INSERT INTO `SYS_USER_OPERATION_LOG` VALUES ('007235a913578f093296daeaff63b817','Anonymous','登录模块','登录验证码','captcha','{}','127.0.0.1',1080,'2023-06-26 06:42:04'),('0074431855b68e3c9626e7bf1029129c','Anonymous','登录模块','用户退出','logout','{}','127.0.0.1',124,'2020-04-17 02:18:00'),('00a69cc7ea45f3f3220994520053d83b','admin','数据字典','列表','page','{\"diceCodes\":\"\",\"dictName\":\"\"}','127.0.0.1',63,'2020-05-09 10:29:11'),('00b94d2c48510d0d54e3b880ad509b05','admin','登录模块','用户登录','login','{}','127.0.0.1',470,'2022-06-15 05:39:53'),('00ddba274f11cd61e36506750141e043','admin','ZzMessageMgr','删除','delete','{}','127.0.0.1',2,'2023-06-30 06:34:42'),('012e8a6abed5c49b07688ede2b0eabcb','Anonymous','登录模块','登录验证码','captcha','{}','127.0.0.1',205,'2020-07-27 07:00:58'),('01320cb34192ca62853965e6c6eeb24f','Anonymous','登录模块','登录验证码','captcha','{}','127.0.0.1',1961,'2020-09-08 16:16:16'),('01372ba0aec5ed4ad3d6444792491490','admin','用户管理','列表','page','{\"nickName\":\"\",\"roles\":\"\",\"deptId\":\"4444\",\"phone\":\"\",\"disable\":\"\",\"limit\":\"10\",\"page\":\"1\",\"username\":\"\"}','127.0.0.1',226,'2020-11-07 17:40:50'),('016f3d37559485b6a92ccc1d44c336a9','Anonymous','登录模块','用户退出','logout','{}','127.0.0.1',122,'2020-09-03 02:22:28'),('01a4943114b794b8c0300f67409d01bb','admin','用户管理','列表','page','{\"nickName\":\"\",\"roles\":\"\",\"deptId\":\"4444\",\"phone\":\"\",\"disable\":\"\",\"limit\":\"50\",\"page\":\"1\",\"username\":\"\"}','127.0.0.1',167,'2020-11-07 17:14:18'),('01c3df89f36873424087800909ad9278','admin','用户管理','列表','page','{\"limit\":\"10\",\"page\":\"1\"}','127.0.0.1',182,'2020-04-13 07:14:50'),('01d002e397db4a36156f736e1bc9673b','admin','用户管理','列表','page','{\"limit\":\"10\",\"page\":\"1\"}','127.0.0.1',436,'2020-04-29 14:49:51'),('0264280c94a921dd3cd2c4fe346f362c','admin','登录模块','用户登录','login','{}','127.0.0.1',228,'2020-10-24 03:56:50'),('0286f935ca6a1797eb0e7eea26b5025c','admin','登录日志管理','日志列表','page','{\"limit\":\"10\",\"page\":\"1\"}','127.0.0.1',27,'2022-06-17 01:07:13'),('02b55cf68ae60dd095263c89b403c865','admin','机构管理','列表','page','{\"deptName\":\"\",\"disable\":\"\",\"limit\":\"10\",\"page\":\"1\"}','127.0.0.1',27,'2020-11-07 17:06:03'),('02d3b2b142a6f6a4bba0ea10ea475958','admin','代码生成','新增','save','{}','127.0.0.1',45,'2023-06-26 07:37:39'),('0311a31519543be7841fd7d4664ab4c6','admin','用户管理','列表','page','{\"limit\":\"10\",\"page\":\"1\"}','127.0.0.1',156,'2020-04-13 07:22:18'),('033d734bb768782c704ff34adf0579e6','root','用户管理','列表','page','{\"phone\":\"\",\"nickName\":\"\",\"disable\":\"\",\"roles\":\"\",\"limit\":\"10\",\"deptId\":\"1325121829601280001\",\"page\":\"1\",\"username\":\"\"}','127.0.0.1',25,'2022-06-17 01:13:53'),('04864abcb331b5deb821a40b0b5b3fb1','admin','代码检测','新增','save','{}','127.0.0.1',57,'2020-09-06 22:11:27'),('04af6d6b697264431933335481b9afd5','admin','登录模块','用户登录','login','{}','127.0.0.1',306,'2020-09-06 12:58:01'),('04e126f6bd1bfa5f228cd37ef4b1b5dc','admin','代码检测','新增','save','{}','127.0.0.1',91,'2020-09-07 09:44:02'),('0517d3438e491a17c7b478a02a66fe7c','admin','系统管理','列表','page','{\"limit\":\"10\",\"page\":\"1\"}','127.0.0.1',68,'2020-05-08 02:31:35'),('051fabedad1959c4086b3d95ba72e363','admin','菜单管理','修改','update','{}','127.0.0.1',40,'2023-06-27 01:33:42'),('052dc497dcd500fc129d176d5a25e548','admin','ZzMessage','修改','read','{}','127.0.0.1',6,'2023-06-30 07:27:02'),('0531d95f87e07b87be5e235897d58a0e','admin','ZzMessage','修改','read','{}','127.0.0.1',5,'2023-06-30 07:27:02'),('05574a6591ffb74d70008b4ce256e5e3','admin','系统管理','列表','page','{\"limit\":\"10\",\"page\":\"1\"}','127.0.0.1',77,'2020-05-08 03:47:21'),('059a77fd19408ddf7a202a2ce6bd529d','admin','用户管理','列表','page','{\"deptId\":\"1325123225058803713\",\"limit\":\"10\",\"page\":\"1\"}','127.0.0.1',12,'2022-06-15 05:40:50'),('05a8c7f66a106030379d465d3c9de6de','admin','登录日志管理','登录日志列表','page','{\"limit\":\"10\",\"page\":\"1\"}','127.0.0.1',78,'2020-09-03 02:22:24'),('05eacf7e39016d5debc0f75a5a71a59a','admin','ZzMessage','修改','read','{}','127.0.0.1',10,'2023-06-30 07:21:24'),('0619088f841db7c39cd0b8aac1d703ff','admin','机构管理','列表','page','{\"limit\":\"10\",\"page\":\"1\"}','127.0.0.1',22,'2020-10-27 09:01:26'),('062a7346f6b2b4bfeac07588ea8945d2','admin','机构管理','列表','page','{\"deptId\":\"OR1200000411\",\"limit\":\"10\",\"page\":\"1\"}','127.0.0.1',82,'2020-11-07 17:01:54'),('06d7d88d74b66de733fc15bdd552dc7d','admin','登录模块','用户登录','login','{}','127.0.0.1',355,'2020-04-07 07:01:08'),('06fb410dd5e056fb8f00df6f54d128eb','admin','ZzMessage','修改','read','{}','127.0.0.1',11,'2023-06-30 07:18:21'),('0711a1501ac7eeead3cac9dc384ab021','Anonymous','登录模块','登录验证码','captcha','{}','127.0.0.1',556,'2020-10-27 09:01:05'),('074bd5a084bf23f3a30072f808ca0973','admin','ZzMessage','修改','read','{}','127.0.0.1',10,'2023-06-30 07:26:58'),('076c57e1dc2e0e786f72db44bbca4a9b','admin','系统管理','列表','page','{\"limit\":\"10\",\"page\":\"1\"}','127.0.0.1',68,'2020-05-08 01:55:57'),('085de7a14eec7ce860bc5f33b1fe063a','admin','数据字典','列表','page','{\"diceCodes\":\"\",\"dictName\":\"\"}','127.0.0.1',80,'2020-04-07 08:20:26'),('0889dbaa38d6fb738bb1dcc80986cf1d','Anonymous','登录模块','登录验证码','captcha','{}','127.0.0.1',129,'2020-10-04 16:56:07'),('0955cb28e8b8269d5f72d7c3560f4bf3','admin','菜单管理','修改','update','{}','127.0.0.1',12,'2022-06-17 01:17:06'),('09754cc17a349d30b4d9fee5138b9f98','admin','TbOrderInfo','修改','update','{}','127.0.0.1',12,'2023-06-29 22:31:06'),('097d43cb39771fdbcd63cc96e708eb10','admin','用户管理','列表','page','{\"limit\":\"10\",\"page\":\"1\"}','127.0.0.1',169,'2020-04-13 06:51:24'),('09b0ea5258137822ff1ce93bd26c47eb','admin','机构管理','列表','page','{\"limit\":\"10\",\"page\":\"1\"}','127.0.0.1',35,'2020-11-07 17:09:04'),('09c944a4cefebc889a6b6944dcfd8399','admin','ZzMessage','列表','list','{}','127.0.0.1',39,'2023-06-30 05:16:38'),('09f507d2156bf5d75b1c1fa2f97ed227','admin','机构管理','列表','page','{\"limit\":\"10\",\"page\":\"1\"}','127.0.0.1',22,'2020-04-07 07:01:59'),('0a00833326cd35adb7e6e3a8e2f86d45','admin','用户管理','列表','page','{\"limit\":\"10\",\"deptId\":\"OR1200000703\",\"page\":\"1\"}','127.0.0.1',208,'2020-04-16 08:58:16'),('0a092787e1646ae021e50748d6320061','admin','数据字典','列表','page','{\"diceCodes\":\"\",\"dictName\":\"\"}','127.0.0.1',74,'2020-04-13 07:42:39'),('0a1bd88603a61c412e36e86c5399b97b','admin','登录模块','用户登录','login','{}','192.168.250.1',595,'2020-09-06 21:26:08'),('0a99d461f22d43cd159f9730d277cf5c','admin','用户管理','列表','page','{\"limit\":\"10\",\"page\":\"1\"}','127.0.0.1',229,'2020-04-17 03:49:02'),('0abd079435da9d876343a6abb74760c2','admin','用户管理','列表','page','{\"limit\":\"10\",\"page\":\"1\"}','127.0.0.1',199,'2020-11-07 17:10:28'),('0ad5c43d7ed8ff92c84d6ee615aee20b','admin','用户管理','列表','page','{\"nickName\":\"\",\"roles\":\"\",\"phone\":\"\",\"disable\":\"\",\"limit\":\"10\",\"page\":\"1\",\"username\":\"1233333333333\"}','127.0.0.1',59,'2020-10-04 16:56:15'),('0ae4feb4c620db3affa96f7ab2f7e76b','Anonymous','登录模块','登录验证码','captcha','{}','127.0.0.1',148,'2020-05-07 10:00:57'),('0b3508303a1860f0a5991862af74eeec','admin','用户管理','列表','page','{\"limit\":\"10\",\"page\":\"1\"}','127.0.0.1',274,'2020-04-13 02:45:22'),('0b406f83ded489199ed6204d2da8a69c','admin','登录模块','用户登录','login','{}','127.0.0.1',114,'2023-06-30 03:14:58'),('0c22846c37e72ecaf9d4e1177f4dbf86','admin','登录模块','用户登录','login','{}','127.0.0.1',83,'2020-04-17 07:38:00'),('0c22eb5714d002415130d01e5d5f57a4','admin','用户管理','列表','page','{\"nickName\":\"1\",\"roles\":\"\",\"phone\":\"\",\"disable\":\"\",\"limit\":\"10\",\"page\":\"2\",\"username\":\"\"}','127.0.0.1',60,'2020-05-09 10:30:16'),('0c291fc1b222199873e3bd91137f01ce','Anonymous','登录模块','登录验证码','captcha','{}','127.0.0.1',216,'2020-03-22 07:48:14'),('0cef947a17a1ec03ef8fca97f17aa872','Anonymous','登录模块','登录验证码','captcha','{}','127.0.0.1',37,'2022-06-16 08:44:24'),('0d5a37a22abb18e815b818f98e7bcd54','admin','代码检测','下载检测结果文件','delete','{}','127.0.0.1',152,'2020-09-07 09:34:33'),('0dfad5f0f3dcc38b5a19a7c50a111590','admin','机构管理','列表','page','{\"deptId\":\"OR1200000575\",\"limit\":\"10\",\"page\":\"1\"}','127.0.0.1',83,'2020-11-07 17:01:55'),('0e67dfa410f0bc7b46784867cc804e04','admin','机构管理','列表','page','{\"limit\":\"10\",\"page\":\"1\"}','127.0.0.1',29,'2020-05-18 07:40:32'),('0e7e0194893f9ca69602134bbb9564e9','admin','系统管理','列表','page','{\"limit\":\"10\",\"page\":\"1\"}','127.0.0.1',77,'2020-05-08 03:52:05'),('0ec4f1a79106679b8030493aa895abe9','admin','ZzMessage','修改','read','{}','127.0.0.1',22,'2023-06-30 07:16:47'),('0f9e8b0829ad9b4aad351e0b4845e7d6','Anonymous','登录模块','用户退出','logout','{}','127.0.0.1',5,'2022-06-16 06:43:12'),('100f3cd6895cfe77b039c83e55cec197','admin','ZzMessage','删除','delete','{}','127.0.0.1',12,'2023-06-30 06:52:11'),('1025f2ebd2cef0a38d358baeac1ab23a','admin','用户管理','列表','page','{\"limit\":\"10\",\"page\":\"1\"}','127.0.0.1',232,'2020-04-21 09:55:09'),('104c26df38c0822bb83b2256614f2ef3','admin','机构管理','列表','page','{\"deptName\":\"\",\"disable\":\"\",\"limit\":\"10\",\"page\":\"1\"}','127.0.0.1',31,'2020-11-07 17:06:03'),('105672a4ce35b5b7a1bcd34a5ba0ba62','Anonymous','查询用户列表','openApi','userList','{\"id\":\"0\"}','127.0.0.1',86,'2020-09-07 13:49:19'),('1066481da820920a9a4106332f9cb749','Anonymous','登录模块','登录验证码','captcha','{}','127.0.0.1',543,'2020-04-20 07:30:17'),('107441d9fa2075a8ebe603f2657d8a59','Anonymous','登录模块','登录验证码','captcha','{}','127.0.0.1',175,'2020-09-05 11:43:54'),('10bbbddbd631d483d67534a48e8cba82','admin','登录日志管理','登录日志列表','page','{\"limit\":\"10\",\"page\":\"1\"}','127.0.0.1',17,'2022-06-17 01:07:14'),('111c8f7dcf3803521b9f0b12a16a9269','admin','系统管理','列表','page','{\"limit\":\"10\",\"page\":\"1\"}','127.0.0.1',68,'2020-04-07 08:20:27'),('112d673aa23c00ef6efa68b36c82e21b','admin','系统管理','列表','page','{\"limit\":\"10\",\"page\":\"1\"}','127.0.0.1',62,'2020-05-08 02:28:38'),('118efda1a2f347c83aa6ee5ff7d24b09','admin','用户管理','列表','page','{\"limit\":\"10\",\"page\":\"1\"}','127.0.0.1',119,'2022-06-16 06:42:46'),('11e957ee87a63fd51dd0a3090d5cb930','admin','ZzMessage','列表','list','{}','127.0.0.1',8,'2023-06-30 05:22:26'),('12100fb62f6c232b359cb9d98089e376','admin','机构管理','列表','page','{\"deptName\":\"东莞分公司\",\"deptId\":\"OR1200000387\",\"disable\":\"\",\"limit\":\"10\",\"page\":\"1\"}','127.0.0.1',73,'2020-08-20 09:13:20'),('12312a83b5238a4534097b37e426cb1b','admin','登录日志管理','登录日志列表','page','{\"limit\":\"10\",\"page\":\"1\"}','127.0.0.1',12,'2022-06-15 05:40:20'),('1241897757699440641','Anonymous','登录模块','登录验证码','captcha','{}','127.0.0.1',3120,'2020-03-23 01:21:13'),('1241897766708805634','admin','登录模块','用户登录','login','{}','127.0.0.1',416,'2020-03-23 01:21:16'),('1241904177006215170','admin','数据字典','列表','page','{\"diceCodes\":\"\",\"dictName\":\"\"}','127.0.0.1',97,'2020-03-23 01:46:44'),('1241904298750083073','admin','数据字典','列表','page','{\"diceCodes\":\"\",\"dictName\":\"\"}','127.0.0.1',85,'2020-03-23 01:47:13'),('1241904424012972033','admin','数据字典','列表','page','{\"diceCodes\":\"\",\"dictName\":\"\"}','127.0.0.1',85,'2020-03-23 01:47:43'),('1241916917468856321','Anonymous','登录模块','登录验证码','captcha','{}','127.0.0.1',190,'2020-03-23 02:37:21'),('1241918640799318017','admin','登录模块','用户登录','login','{}','127.0.0.1',121,'2020-03-23 02:44:12'),('1241929379144499202','Anonymous','登录模块','登录验证码','captcha','{}','127.0.0.1',169,'2020-03-23 03:26:53'),('1241929388946587649','admin','登录模块','用户登录','login','{}','127.0.0.1',118,'2020-03-23 03:26:55'),('1241935624421212162','admin','登录日志管理','登录日志列表','page','{\"limit\":\"10\",\"page\":\"1\"}','127.0.0.1',174,'2020-03-23 03:51:42'),('1242721743962316802','Anonymous','登录模块','登录验证码','captcha','{}','',2451,'2020-03-25 07:55:27'),('1242721762664718338','admin','登录模块','用户登录','login','{}','127.0.0.1',466,'2020-03-25 07:55:32'),('1242750888872189953','Anonymous','登录模块','登录验证码','captcha','{}','127.0.0.1',210,'2020-03-25 09:51:16'),('1242750895004262401','admin','登录模块','用户登录','login','{}','127.0.0.1',135,'2020-03-25 09:51:17'),('1242750942857076737','admin','数据字典','列表','page','{\"diceCodes\":\"\",\"dictName\":\"\"}','127.0.0.1',91,'2020-03-25 09:51:29'),('124bd38fe152c2aca61f448a858f91b5','Anonymous','登录模块','登录验证码','captcha','{}','127.0.0.1',147,'2020-03-16 09:12:34'),('125e4fd2776e27e078da930ae51ee29f','admin','用户管理','列表','page','{\"limit\":\"10\",\"page\":\"1\"}','127.0.0.1',190,'2020-04-13 02:28:49'),('1262284477498368001','Anonymous','登录模块','登录验证码','captcha','{}','127.0.0.1',2727,'2020-05-18 07:30:46'),('1262284484335083522','admin','登录模块','用户登录','login','{}','127.0.0.1',468,'2020-05-18 07:30:48'),('1262284696067743746','admin','系统管理','列表','page','{\"limit\":\"10\",\"page\":\"1\"}','127.0.0.1',102,'2020-05-18 07:31:38'),('12b5e068a74f74e19f8dd4b8d732326e','admin','菜单管理','新增','save','{}','127.0.0.1',132,'2020-05-08 02:30:34'),('12d35c86f94aea266a5e715ea9412f2c','Anonymous','登录模块','用户退出','logout','{}','127.0.0.1',4,'2022-06-16 08:44:34'),('12d7ec1668da3098ad97c3b36ffb90d6','admin','角色管理','修改','update','{}','127.0.0.1',142,'2020-04-21 10:07:28'),('132e9584268c62f9f78d1192137bf2f9','Anonymous','登录模块','登录验证码','captcha','{}','127.0.0.1',153,'2020-09-02 07:50:14'),('1358a292523f94f5ababbcc454e403c2','admin','角色管理','修改','update','{}','127.0.0.1',224,'2020-04-21 09:52:16'),('13c624ab6e368c9a8dc79b17114d7dbc','admin','代码检测','下载检测结果文件','delete','{}','127.0.0.1',151,'2020-09-06 21:50:31'),('14d0d0a46952875d1ad19de0dc83bc42','Anonymous','登录模块','登录验证码','captcha','{}','127.0.0.1',27,'2022-06-17 01:13:20'),('15212da0c1f0527419fdf8d7d0610b9e','admin','登录日志管理','登录日志列表','page','{\"limit\":\"10\",\"page\":\"1\"}','127.0.0.1',144,'2020-11-07 16:58:18'),('15a3f660deffb51909913cab0d3fb6a5','Anonymous','登录模块','用户退出','logout','{}','127.0.0.1',10,'2022-06-16 08:44:58'),('15ff0c825c7327ef19d62b74d142d68c','admin','登录模块','用户登录','login','{}','127.0.0.1',96,'2020-05-07 05:37:13'),('16a682b081c9cb3a10149ef136dec196','admin','用户管理','列表','page','{\"limit\":\"10\",\"page\":\"1\"}','127.0.0.1',271,'2020-07-30 06:56:59'),('16d9a8a9aec8af43a0f03dca293208bc','admin','ZzMessage','修改','read','{}','127.0.0.1',23,'2023-06-30 07:14:40'),('1714892a623bde4b12d28767c21e9c75','admin','用户管理','列表','page','{\"limit\":\"10\",\"page\":\"1\"}','127.0.0.1',187,'2020-04-13 08:06:13'),('17284e6ccae587a77b73d06dd5408108','admin','用户管理','列表','page','{\"limit\":\"10\",\"page\":\"1\"}','127.0.0.1',200,'2020-04-13 07:24:48'),('17310e860097578d67121d257dd6795a','Anonymous','登录模块','登录验证码','captcha','{}','127.0.0.1',145,'2020-10-24 03:46:52'),('173ec0f84a5883af700fa17cb40d525d','admin','ZzMessage','修改','read','{}','127.0.0.1',6,'2023-06-30 07:21:46'),('17b551eae1fc61d6b497d73c94636d7c','admin','菜单管理','修改','update','{}','127.0.0.1',7,'2022-06-17 01:17:30'),('17daed0990b31e1a19a01e719e9e1f40','admin','机构管理','列表','page','{\"deptId\":\"OR1200000703\",\"limit\":\"10\",\"page\":\"1\"}','127.0.0.1',93,'2020-05-18 07:40:47'),('17ffef9c08409af127b7a0121ed0d222','admin','登录模块','用户登录','login','{}','127.0.0.1',231,'2020-03-21 08:07:44'),('1801a7bf86db2a0a1e7388d27235c400','admin','用户管理','列表','page','{\"nickName\":\"\",\"roles\":\"\",\"phone\":\"\",\"disable\":\"\",\"limit\":\"50\",\"page\":\"1\",\"username\":\"\"}','127.0.0.1',194,'2020-11-07 17:14:02'),('19455bb927987042e3af485a90eecb08','admin','数据字典','导出','export','{\"diceCodes\":\"\",\"dictName\":\"\"}','127.0.0.1',215,'2020-07-24 07:56:05'),('194ccb07313aff623d644eaca479a0d5','admin','TbOrderInfo','修改','update','{}','127.0.0.1',13,'2023-06-29 22:31:02'),('19d11d1ad127f7214128cd70295c50af','Anonymous','登录模块','登录验证码','captcha','{}','',1901,'2020-04-17 01:40:45'),('1a2a0f414c1a9b6291bab11a8175e6f3','admin','用户管理','用户模板','template','{}','127.0.0.1',151,'2020-03-16 08:10:43'),('1a6244c89acad131b6552cfa2187110c','admin','系统管理','列表','page','{\"limit\":\"10\",\"page\":\"1\"}','127.0.0.1',21,'2022-06-15 09:39:02'),('1b0c32566e36530e54433bb6d804281c','admin','用户管理','用户模板','template','{}','127.0.0.1',6566,'2020-03-16 08:04:25'),('1b1bdd4d27c0887b15fc01303704a32e','admin','用户管理','列表','page','{\"limit\":\"10\",\"page\":\"1\"}','127.0.0.1',262,'2020-04-07 08:50:12'),('1b86b43278499c00713d8705219a7295','admin','用户管理','列表','page','{\"limit\":\"10\",\"page\":\"1\"}','127.0.0.1',193,'2020-04-29 13:45:25'),('1be4eaf21cb3c18f931f5b2eccab6dd4','admin','登录模块','用户登录','login','{}','127.0.0.1',344,'2020-04-21 09:51:53'),('1c04aab67767c755c9015650f1620a40','admin','登录模块','登录验证码','captcha','{}','127.0.0.1',157,'2020-10-24 03:50:38'),('1ce2c3761715af377f43e78a797193cf','Anonymous','登录模块','登录验证码','captcha','{}','',856,'2020-08-01 06:07:15'),('1d7a4b79bf872c1c034dfd7e6aa7771b','admin','登录模块','用户登录','login','{}','127.0.0.1',303,'2020-07-30 06:56:55'),('1d950a345a7b59c1b0e7fb561fbea5b8','Anonymous','登录模块','登录验证码','captcha','{}','127.0.0.1',178,'2020-09-03 01:43:58'),('1e79a7224d0e74776c2f9e9608a30e46','admin','登录模块','登录验证码','captcha','{}','127.0.0.1',143,'2020-10-24 03:50:31'),('1f439f94fa441653f3d84fc10d8c533a','admin','用户管理','列表','page','{\"limit\":\"10\",\"page\":\"1\"}','127.0.0.1',50,'2023-06-27 14:21:02'),('1f57ff8d03e2959c86f234f43585b6c9','admin','系统管理','列表','page','{\"limit\":\"10\",\"page\":\"1\"}','127.0.0.1',56,'2020-05-08 03:05:30'),('20c001f01ebe1685879a06079f67aa28','admin','登录模块','用户登录','login','{}','127.0.0.1',359,'2020-05-08 07:16:06'),('20c09559de15178066f97f6eeb082c4e','admin','系统管理','列表','page','{\"limit\":\"10\",\"page\":\"1\"}','127.0.0.1',77,'2020-04-15 07:13:33'),('20c35223d2b9615f615794ebeb509bd8','Anonymous','登录模块','用户退出','logout','{}','127.0.0.1',86,'2020-10-24 03:56:46'),('215273565d75c258c6dbba747b736a80','Anonymous','登录模块','登录验证码','captcha','{}','',1900,'2020-05-14 10:38:15'),('21921c2bd8bd226fbd38567816dfef10','Anonymous','登录模块','登录验证码','captcha','{}','127.0.0.1',210,'2020-03-22 05:37:41'),('21af0d68689270da8f49b1f3eb75982f','admin','机构管理','列表','page','{\"deptName\":\"\",\"disable\":\"\",\"limit\":\"10\",\"page\":\"1\"}','127.0.0.1',24,'2020-11-07 17:09:31'),('21ce954cf3b14b242a2d3050b367b61e','admin','登录模块','用户登录','login','{}','127.0.0.1',102,'2020-04-13 06:47:53'),('225b05a98e5157c4aaa9df33f5799ba1','admin','ZzMessageMgr','删除','delete','{}','127.0.0.1',13,'2023-06-30 06:37:13'),('230aa351157e3647542d443b81991710','admin','登录模块','用户登录','login','{}','127.0.0.1',415,'2020-05-06 15:13:14'),('230d0d2f65724cb2d8fe7b25144c62ff','admin','角色管理','修改','update','{}','127.0.0.1',927,'2020-07-28 09:12:12'),('231ee7239c9621adaf4d34c25433c2fc','admin','ZzMessage','修改','read','{}','127.0.0.1',6,'2023-06-30 07:21:26'),('232dcc5a5d763e3d65d7ccf920f9ee32','admin','ZzMessage','删除','delete','{}','127.0.0.1',19,'2023-06-30 07:27:05'),('23b2bd64eb5f4214055fd247ca2edcf1','admin','登录模块','用户登录','login','{}','127.0.0.1',979,'2022-06-15 17:40:35'),('244726676226a1e67001e4719288c5e3','admin','机构管理','新增','save','{}','127.0.0.1',61,'2020-11-07 17:09:57'),('24548129997629b5ac88858c3a9371d5','admin','登录日志管理','日志列表','page','{\"limit\":\"10\",\"page\":\"1\"}','127.0.0.1',72,'2020-08-12 01:51:21'),('24c0e1dbe7777ac7a22ac36b3e2d8479','admin','登录模块','用户登录','login','{}','127.0.0.1',301,'2020-09-06 13:20:24'),('251092d6d635f636a252fe88502e6449','Anonymous','登录模块','登录验证码','captcha','{}','127.0.0.1',501,'2023-06-27 16:03:03'),('25475d1ecf2a7461b241eb125df36fd4','admin','系统管理','列表','page','{\"limit\":\"10\",\"page\":\"1\"}','127.0.0.1',69,'2020-05-07 05:45:50'),('25d2892b67f5482358800344e831f340','Anonymous','登录模块','登录验证码','captcha','{}','127.0.0.1',172,'2020-05-07 10:00:57'),('262b9e70381478bc32b5a0177c41800f','Anonymous','登录模块','登录验证码','captcha','{}','127.0.0.1',1373,'2020-11-06 08:18:45'),('26671fcf03c2a9547b5dda7aebf1eb27','admin','ZzMessage','修改','read','{}','127.0.0.1',10,'2023-06-30 07:12:24'),('2759870138181c90bfe9fbb16a2c6a5e','Anonymous','登录模块','登录验证码','captcha','{}','',1510,'2020-05-08 09:08:07'),('275ca203c095ea812820e60208071431','admin','机构管理','列表','page','{\"deptName\":\"\",\"disable\":\"\",\"limit\":\"10\",\"page\":\"1\"}','127.0.0.1',24,'2020-11-07 17:04:40'),('2768fa165632df16b9f052229ca86028','admin','登录模块','登录验证码','captcha','{}','127.0.0.1',1425,'2020-10-24 03:54:48'),('2776c314ed47f9500b61e1a9eea9db16','Anonymous','登录模块','用户退出','logout','{}','127.0.0.1',109,'2020-04-21 10:07:38'),('283ceac66ed02eadc441f7a91ae7683c','admin','机构管理','列表','page','{\"limit\":\"10\",\"page\":\"1\"}','127.0.0.1',25,'2020-05-09 10:29:20'),('2a2a6c557f983d5863df6a1f62661818','admin','用户管理','列表','page','{\"nickName\":\"chen\",\"roles\":\"\",\"phone\":\"\",\"disable\":\"\",\"limit\":\"10\",\"page\":\"2\",\"username\":\"\"}','127.0.0.1',51,'2020-05-09 10:30:11'),('2a83ae50444dc6e60eeb5651a7a2d54b','admin','demo','修改','update','{}','127.0.0.1',6,'2022-06-15 06:08:04'),('2ae77708cb059ed90988972dfcc74382','admin','用户管理','列表','page','{\"limit\":\"10\",\"page\":\"1\"}','127.0.0.1',170,'2020-05-07 10:01:03'),('2aebab6abf8eada17b15aaad7a2f148f','admin','机构管理','列表','page','{\"deptId\":\"OR1200000387\",\"limit\":\"10\",\"page\":\"1\"}','127.0.0.1',86,'2020-11-07 17:01:54'),('2b0d9201051d32cd757919089188e9cb','Anonymous','登录模块','登录验证码','captcha','{}','127.0.0.1',122,'2020-08-31 02:26:13'),('2b1ddf6e443eb93726c7e418b614a674','Anonymous','登录模块','登录验证码','captcha','{}','127.0.0.1',21,'2022-06-17 01:14:39'),('2b52a5e95ba2ea2a070f5961be61cb84','Anonymous','登录模块','登录验证码','captcha','{}','127.0.0.1',508,'2023-06-29 18:44:43'),('2c1acd52ca63e9f454044455f96b7825','Anonymous','登录模块','登录验证码','captcha','{}','127.0.0.1',1649,'2020-10-24 03:46:45'),('2c4f69117cd984d32bea2ed3e43cd133','admin','用户管理','列表','page','{\"limit\":\"10\",\"page\":\"1\"}','127.0.0.1',271,'2020-05-07 09:22:55'),('2cb327b4c009dffca042824cb5fe8f49','admin','用户管理','列表','page','{\"limit\":\"10\",\"page\":\"1\"}','127.0.0.1',231,'2020-04-13 01:36:30'),('2cc7340500a034ea61a71f21ebddf410','admin','ZzMessageMgr','删除','delete','{}','127.0.0.1',3,'2023-06-30 06:34:41'),('2d101e74386ddbbc7d83b551fc7c54ac','admin','登录日志管理','日志列表','page','{\"limit\":\"10\",\"page\":\"1\"}','127.0.0.1',90,'2020-09-06 12:58:17'),('2d18f48d0cf48d4a7a18f7dee4b5dec6','Anonymous','登录模块','登录验证码','captcha','{}','127.0.0.1',273,'2020-03-22 13:13:15'),('2d2b3e4ffd15f50de89c6dff618ff52f','admin','用户管理','列表','page','{\"nickName\":\"\",\"roles\":\"\",\"deptId\":\"1325121829601280001\",\"phone\":\"\",\"disable\":\"\",\"limit\":\"50\",\"page\":\"1\",\"username\":\"\"}','127.0.0.1',95,'2020-11-07 17:14:17'),('2d6ce7b848f14f0bc2a85bff50fa5b30','admin','登录模块','用户登录','login','{}','127.0.0.1',298,'2020-07-26 08:57:41'),('2dd06bf7cc116249365bc4496c73ac9e','admin','TbOrderInfo','修改','update','{}','127.0.0.1',45,'2023-06-29 22:30:57'),('2e6f0cb156619dc58b94a858a9a05b28','admin','登录模块','用户登录','login','{}','127.0.0.1',152,'2023-06-29 17:43:23'),('2eac7ede53efaa7f40b0a7b6428a50d1','admin','数据字典','列表','page','{\"diceCodes\":\"\",\"dictName\":\"\"}','127.0.0.1',66,'2020-07-24 07:55:54'),('2ebce7845d842342a380f21d59e7cd30','admin','ZzMessage','修改','read','{}','127.0.0.1',11,'2023-06-30 07:16:53'),('2f00d66e935ad155790a0cccfbdd31a5','admin','机构管理','列表','page','{\"deptId\":\"4444\",\"limit\":\"10\",\"page\":\"1\"}','127.0.0.1',84,'2020-11-07 17:08:37'),('2f03013753aac532c14bc031aaaa83e3','admin','用户管理','列表','page','{\"limit\":\"10\",\"page\":\"1\"}','127.0.0.1',226,'2020-04-07 09:01:20'),('2f3a53adeec7038dae5257c5002026d6','admin','ZzMessage','列表','list','{}','127.0.0.1',40,'2023-06-30 05:17:40'),('2f6f655db029795832504c890aba0767','admin','用户管理','列表','page','{\"limit\":\"10\",\"page\":\"1\"}','127.0.0.1',266,'2020-04-08 07:47:17'),('2fdf3dc398b64971fde460338948920b','root','用户管理','修改','update','{}','127.0.0.1',16,'2022-06-17 01:14:10'),('3009b469f71da9a7ccdc3a565a44efac','admin','登录模块','用户登录','login','{}','127.0.0.1',194,'2023-06-26 06:42:05'),('3032c761112606bb36e355ff2f19b380','admin','登录模块','用户登录','login','{}','127.0.0.1',809,'2020-04-16 08:16:55'),('30dd74b546dee4023b3260e4f3b798dd','admin','用户管理','列表','page','{\"limit\":\"10\",\"page\":\"1\"}','127.0.0.1',174,'2020-05-07 04:36:40'),('30e76e6bc43b296c09b1b8eabb2785b7','admin','用户管理','列表','page','{\"limit\":\"10\",\"page\":\"1\"}','127.0.0.1',264,'2020-05-14 03:12:40'),('30f0294b51a3f1e2443eaad3d762132d','admin','登录模块','用户登录','login','{}','127.0.0.1',46,'2023-06-27 01:31:37'),('3106bc1d7cd58c932aac9bbdaa375654','admin','用户管理','列表','page','{\"nickName\":\"\",\"roles\":\"\",\"phone\":\"\",\"disable\":\"\",\"limit\":\"10\",\"page\":\"2\",\"username\":\"\"}','127.0.0.1',80,'2020-05-09 10:30:44'),('31ef0dc69f185f62e5a7c49ce5eb9cc2','Anonymous','查询用户列表','openApi','userList','{}','127.0.0.1',5,'2020-09-05 08:51:43'),('324173f861b47be868fc12ced31cd814','Anonymous','登录模块','登录验证码','captcha','{}','127.0.0.1',1428,'2020-09-06 07:26:37'),('32ee7a85f6cc3451d4dab9f6daf904c4','Anonymous','登录模块','登录验证码','captcha','{}','127.0.0.1',2115,'2022-06-17 01:13:14'),('33098bc3afe02844d62445d7b09e26e4','Anonymous','登录模块','登录验证码','captcha','{}','127.0.0.1',1492,'2020-04-08 07:16:32'),('33124dc6bc751d5bc998a2cee3c148be','admin','用户管理','列表','page','{\"nickName\":\"\",\"roles\":\"\",\"phone\":\"\",\"disable\":\"\",\"limit\":\"10\",\"page\":\"1\",\"username\":\"\"}','127.0.0.1',172,'2020-11-07 17:13:20'),('331af7ab6f2d11cb2d6b844e27050d2e','admin','登录日志管理','日志列表','page','{\"limit\":\"10\",\"page\":\"1\"}','127.0.0.1',69,'2020-04-13 07:44:51'),('33507d81aba34b673604413b3787e429','Anonymous','登录模块','用户退出','logout','{}','127.0.0.1',3,'2022-06-15 05:40:59'),('3360cb6928e009379912365ac597186e','admin','用户管理','列表','page','{\"nickName\":\"\",\"roles\":\"\",\"phone\":\"\",\"disable\":\"\",\"limit\":\"10\",\"page\":\"1\",\"username\":\"\"}','127.0.0.1',171,'2020-11-07 17:12:55'),('338b57300224cfc23952d39f04380de1','admin','数据字典','列表','page','{\"diceCodes\":\"\",\"dictName\":\"\"}','127.0.0.1',58,'2020-05-07 05:45:21'),('34448d682928c7f9c0793a696abe803b','Anonymous','登录模块','登录验证码','captcha','{}','127.0.0.1',193,'2020-04-17 07:37:58'),('3479f258a9fda0cb300425c7c055eece','admin','用户管理','列表','page','{\"limit\":\"10\",\"page\":\"1\"}','127.0.0.1',181,'2020-05-14 03:12:52'),('34cf0fdd6d8f92ac1ee6c3f6e1d0b783','admin','登录模块','用户登录','login','{}','127.0.0.1',187,'2022-06-17 00:48:38'),('353916f9c3f9aa26bdab9ed80ccfc107','admin','用户管理','列表','page','{\"limit\":\"10\",\"page\":\"1\"}','127.0.0.1',265,'2020-04-17 03:49:46'),('355d50dfaceb2b17101beaa845543efa','admin','数据字典','列表','page','{\"diceCodes\":\"\",\"dictName\":\"\"}','127.0.0.1',67,'2020-05-11 07:52:45'),('35b0100e505f6bd9040d3a44d4fde025','Anonymous','登录模块','登录验证码','captcha','{}','127.0.0.1',141,'2020-04-17 08:51:18'),('36520c0d6b5446006035253a2f5c3952','admin','用户管理','列表','page','{\"limit\":\"10\",\"page\":\"1\"}','127.0.0.1',132,'2022-06-16 15:38:04'),('3699d70379515c5dd43adbe2c9b4458f','Anonymous','登录模块','登录验证码','captcha','{}','127.0.0.1',330,'2020-03-21 08:07:40'),('370a5dd8f3386ccc6dd7e74521ddf52c','admin','代码生成','新增','save','{}','127.0.0.1',20,'2023-06-26 07:37:46'),('37139c90c422a67e68140c2728dfb900','admin','用户管理','列表','page','{\"limit\":\"10\",\"page\":\"1\"}','127.0.0.1',228,'2020-05-18 07:38:39'),('3796ede92bcbcf058bed4a1cf9779ee5','admin','登录模块','用户登录','login','{}','127.0.0.1',49,'2022-06-16 08:44:05'),('37bc4718e2cf940f26b09b84b293f950','admin','登录模块','用户登录','login','{}','127.0.0.1',520,'2022-06-15 16:51:14'),('38319cdb9199ffbb501d70eef7f6a111','admin','代码生成','新增','save','{}','127.0.0.1',217,'2020-09-06 06:13:10'),('3851e7232b6262d17659756ac0005e62','admin','角色管理','修改','update','{}','127.0.0.1',15069,'2020-04-21 10:22:04'),('3867d9b952824055ea56e4c1be186c93','Anonymous','登录模块','登录验证码','captcha','{}','127.0.0.1',1049,'2023-06-30 00:59:50'),('38f8ef7f090850421a8ea017bef07a39','admin','用户管理','列表','page','{\"nickName\":\"\",\"roles\":\"\",\"phone\":\"\",\"disable\":\"\",\"limit\":\"50\",\"page\":\"1\",\"username\":\"\"}','127.0.0.1',183,'2020-11-07 17:13:24'),('3932fd49ab86a702354bd7dd22a53058','Anonymous','登录模块','登录验证码','captcha','{}','',1534,'2020-04-07 07:01:07'),('3991751adf5c3b4c22f3fec6a29fffa3','Anonymous','登录模块','登录验证码','captcha','{}','127.0.0.1',1737,'2020-05-09 01:20:30'),('39e04299d90d4bd959bd7444f295fe04','admin','机构管理','列表','page','{\"limit\":\"10\",\"page\":\"1\"}','127.0.0.1',21,'2020-04-13 07:56:11'),('39e5be0dbbb3bd5027157089dcd0ea93','admin','ZzMessage','列表','list','{}','127.0.0.1',4,'2023-06-30 05:22:26'),('39f50215a12b3337d3262ec5f90cc3fa','admin','系统管理','列表','page','{\"limit\":\"10\",\"page\":\"1\"}','127.0.0.1',70,'2020-05-08 03:05:15'),('3a0324a5f1fa3a5f8896ec3e5f4ac56f','admin','用户管理','列表','page','{\"limit\":\"10\",\"page\":\"1\"}','127.0.0.1',245,'2020-03-22 07:48:22'),('3ab831c943fb771d51b0dc4a67a720dc','admin','数据字典','列表','page','{\"diceCodes\":\"\",\"dictName\":\"\"}','127.0.0.1',47,'2020-07-26 08:58:34'),('3ad4417dd2c010bdd63ce71116e7ea22','admin','机构管理','列表','page','{\"deptId\":\"OR1200000703\",\"limit\":\"10\",\"page\":\"1\"}','127.0.0.1',83,'2020-11-07 17:01:52'),('3ad6d1e48815cc2089fb5f9a86749f9d','admin','登录模块','用户登录','login','{}','127.0.0.1',299,'2020-08-11 02:06:05'),('3bff36438a7164da40709682edab4067','admin','用户管理','列表','page','{\"limit\":\"10\",\"page\":\"1\"}','127.0.0.1',160,'2020-04-13 02:29:47'),('3c3af9f117be8fa263498607987b60b0','admin','用户管理','修改','update','{}','127.0.0.1',119,'2020-11-07 17:13:13'),('3c6ab7d8cd766724c6db31febe0a0aad','admin','机构管理','列表','page','{\"deptName\":\"东莞分公司\",\"deptId\":\"OR1200000703\",\"disable\":\"\",\"limit\":\"10\",\"page\":\"1\"}','127.0.0.1',92,'2020-08-20 09:13:21'),('3c790d8fc83a94637ddaa51f46dc2fd2','admin','ZzMessage','列表','list','{}','127.0.0.1',6,'2023-06-30 05:22:26'),('3cb5bad1086fd2e73e0a152134b01ef9','admin','系统管理','列表','page','{\"limit\":\"10\",\"page\":\"1\"}','127.0.0.1',59,'2020-05-08 03:05:20'),('3dac50a256ba0713c222403e9443c1e0','admin','角色管理','修改','update','{}','127.0.0.1',7043,'2020-04-21 10:29:07'),('3dad9d5e679b9a30eed1f2dbf3e8872d','Anonymous','登录模块','登录验证码','captcha','{}','127.0.0.1',185,'2020-09-03 01:47:31'),('3dda4134ad54c092c635b9dc90f63878','Anonymous','登录模块','登录验证码','captcha','{}','127.0.0.1',173,'2020-09-03 01:43:54'),('3e1b5e4a71e5bbae852cff84f40f75b4','admin','用户管理','列表','page','{\"limit\":\"10\",\"page\":\"1\"}','127.0.0.1',243,'2020-04-07 07:01:14'),('3e522c9f18d864b09554e0af43ab91a4','admin','登录模块','用户登录','login','{}','127.0.0.1',348,'2020-05-07 08:21:56'),('3e68db1bc7d21d39dd64ed6f1202de32','admin','机构管理','列表','page','{\"limit\":\"10\",\"page\":\"1\"}','127.0.0.1',24,'2020-03-23 05:26:25'),('3e8c75f94eadefb7f9b200b76a2f850d','Anonymous','登录模块','登录验证码','captcha','{}','127.0.0.1',540,'2020-04-21 08:29:08'),('3edbfb6bb50635b983b7a2524cbac489','admin','登录模块','用户登录','login','{}','127.0.0.1',158,'2023-06-27 14:07:49'),('3f1cf94a5617462e73c26ea70031abea','admin','系统管理','列表','page','{\"limit\":\"10\",\"page\":\"1\"}','127.0.0.1',55,'2020-11-07 17:09:44'),('3f710660bc55600e86e3e26a480bd5c9','admin','用户管理','列表','page','{\"limit\":\"10\",\"page\":\"1\"}','127.0.0.1',264,'2020-05-09 10:29:04'),('3fdd519b3096eedee971846313303d36','admin','ZzMessageMgr','删除','delete','{}','127.0.0.1',3,'2023-06-30 06:37:13'),('40528e6965083e746d0de723fb79b611','admin','菜单管理','新增','save','{}','127.0.0.1',26,'2023-06-27 01:33:12'),('40e43e1ba2df92a546d6ae5e6c34db67','Anonymous','登录模块','登录验证码','captcha','{}','127.0.0.1',2088,'2020-04-17 03:48:56'),('40ed59d24c9b843498aa3d588163846c','Anonymous','登录模块','登录验证码','captcha','{}','127.0.0.1',1138,'2020-09-06 10:05:32'),('41631ccc4e2d43e083f26c23379ca871','admin','代码检测','下载检测结果文件','delete','{}','127.0.0.1',155,'2020-09-07 10:03:47'),('419cbc9b1a7b62ddcc6d025ce5cf53e9','admin','用户管理','用户模板','template','{}','127.0.0.1',126,'2020-03-16 08:05:01'),('41d4c0c5b32679681feda96f800371bd','admin','代码检测','下载检测结果文件','delete','{}','127.0.0.1',162,'2020-09-06 22:06:23'),('41ff4f313d6bda87680fc7f81bbe97b8','Anonymous','登录模块','登录验证码','captcha','{}','127.0.0.1',36,'2022-06-16 08:46:43'),('42146bb3ba1513dd6fd597f06daf97e8','admin','角色管理','修改','update','{}','127.0.0.1',96186,'2020-04-21 10:24:51'),('427cfb896c4b2b4572744ea2d331c3a7','Anonymous','登录模块','登录验证码','captcha','{}','127.0.0.1',2340,'2020-08-31 02:25:01'),('427fe994766d946fc5f6ab289cb2b1df','Anonymous','登录模块','登录验证码','captcha','{}','',1420,'2020-09-02 13:54:48'),('428dfb6b6ddf7b346e3ddd26488311a7','admin','机构管理','列表','page','{\"deptId\":\"OR1200000467\",\"limit\":\"10\",\"page\":\"1\"}','127.0.0.1',92,'2020-05-18 07:40:38'),('42d129312e2c98420193baf80e1e627a','admin','代码检测','下载检测结果文件','delete','{}','127.0.0.1',157,'2020-09-06 21:49:57'),('4323a1dc2929d1ae74d1870a0d175706','admin','机构管理','列表','page','{\"limit\":\"10\",\"page\":\"1\"}','127.0.0.1',27,'2020-04-13 07:17:31'),('432c8c1012b82e8b1b9ce387ffdb8416','admin','登录模块','用户登录','login','{}','127.0.0.1',137,'2020-05-07 10:00:58'),('436607a6160647d8333eec0d981aceba','admin','登录模块','用户登录','login','{}','127.0.0.1',391,'2020-04-16 08:27:52'),('43814f7b88b632e112a8a72b44fbe44f','Anonymous','登录模块','登录验证码','captcha','{}','127.0.0.1',371,'2020-03-22 14:31:18'),('43e0325ab4490ee452a6d2d282cc0aa7','admin','数据字典','列表','page','{\"diceCodes\":\"\",\"dictName\":\"\"}','127.0.0.1',63,'2020-03-23 05:26:22'),('448ff1632f475f6258171a0226b3856e','Anonymous','登录模块','登录验证码','captcha','{}','127.0.0.1',1311,'2020-09-05 08:51:39'),('44a5fa1c751642cf7da234563899c660','Anonymous','登录模块','登录验证码','captcha','{}','',1372,'2020-04-09 02:51:30'),('44e84b83f83ee1be6a7cd60b5aba0aa8','Anonymous','登录模块','登录验证码','captcha','{}','',1558,'2020-05-08 01:32:24'),('44f48c5422d65d85404bf3e9e649d0cf','admin','机构管理','列表','page','{\"limit\":\"10\",\"page\":\"1\"}','127.0.0.1',13,'2023-06-28 09:32:24'),('459eb0daad93906bed55873700a7f074','admin','登录模块','用户登录','login','{}','127.0.0.1',22,'2022-06-16 08:46:43'),('45bcf68a7a963db35a78d0a49634e12d','admin','ZzMessage','修改','read','{}','127.0.0.1',6,'2023-06-30 07:21:44'),('45ed9f175f6debe031612b71abaf02b8','Anonymous','登录模块','用户退出','logout','{}','127.0.0.1',3,'2022-06-16 08:44:24'),('45f4cb3a30e7c5a75dc6d7a45f5ba08f','admin','用户管理','列表','page','{\"nickName\":\"\",\"roles\":\"\",\"phone\":\"\",\"disable\":\"\",\"limit\":\"10\",\"page\":\"1\",\"username\":\"\"}','127.0.0.1',147,'2020-05-09 10:30:45'),('45f982103c3e48b831d8ae745580dd32','admin','系统管理','列表','page','{\"limit\":\"10\",\"page\":\"1\"}','127.0.0.1',51,'2020-05-08 02:15:05'),('46ba3036a0ee2c9cc1b02866c412edf2','admin','TbCustomer','修改','update','{}','127.0.0.1',9,'2023-06-27 15:17:22'),('46f71896a69b5c86d60697c2038fbfc6','admin','登录模块','用户登录','login','{}','127.0.0.1',282,'2020-09-06 22:00:59'),('47a4782266700879b41d371a5a54802c','admin','用户管理','列表','page','{\"limit\":\"10\",\"page\":\"1\"}','127.0.0.1',254,'2020-10-04 16:56:13'),('47aac4892f4ecc968865cabbd23ba2bb','admin','用户管理','列表','page','{\"deptId\":\"OR1200000387\",\"limit\":\"10\",\"page\":\"1\"}','127.0.0.1',103,'2020-05-18 07:38:17'),('47adedcae059b2b7cef3bd30536ccedf','Anonymous','登录模块','登录验证码','captcha','{}','127.0.0.1',4798,'2022-06-15 17:18:38'),('48045ac7474a5f4a4cc7453e867b1fd6','admin','登录模块','登录验证码','captcha','{}','127.0.0.1',1168,'2020-10-24 03:50:30'),('48266373229092afa1804b64ed1d889d','Anonymous','登录模块','登录验证码','captcha','{}','127.0.0.1',93,'2020-04-17 08:51:18'),('488bae5e1758658fcc128a3a6a7be2a2','admin','用户管理','列表','page','{\"limit\":\"10\",\"page\":\"1\"}','127.0.0.1',290,'2020-05-11 07:52:47'),('48ae91db791b104e88d3fbbd0d8ffc03','admin','登录日志管理','日志列表','page','{\"limit\":\"10\",\"page\":\"1\"}','127.0.0.1',102,'2020-09-03 02:22:22'),('49b2ccd807a893bbdc0085ee9a37fcaa','admin','菜单管理','新增','save','{}','127.0.0.1',110,'2020-04-20 07:37:33'),('49e181ac3c8b945242308322bc1eddbe','admin','登录模块','用户登录','login','{}','127.0.0.1',122,'2020-04-07 08:09:29'),('49e24974ca889a0bc0bf0430fe335faa','admin','TbOrderInfo','修改','update','{}','127.0.0.1',13,'2023-06-29 22:31:04'),('49fdd8b90589c5217bbd7327e951c828','admin','ZzMessage','修改','read','{}','127.0.0.1',11,'2023-06-30 07:16:52'),('4a3db97a5b73cabbf97f927e39b19736','admin','机构管理','列表','page','{\"limit\":\"10\",\"page\":\"1\"}','127.0.0.1',19,'2023-06-26 07:32:02'),('4a48e3f171aa371e91a704bf12a8064f','Anonymous','登录模块','登录验证码','captcha','{}','127.0.0.1',1856,'2020-10-04 16:55:37'),('4ab1d43c994d11bb2a51b7088ab94584','admin','登录模块','用户登录','login','{}','127.0.0.1',123,'2020-07-28 09:01:25'),('4ab2eb87f16a0b81fac90f7a0978e69e','admin','用户管理','列表','page','{\"limit\":\"10\",\"page\":\"1\"}','127.0.0.1',171,'2020-04-13 06:48:03'),('4ad30f6f48fc7021436162b4a7910000','Anonymous','登录模块','登录验证码','captcha','{}','127.0.0.1',1674,'2020-04-07 10:01:59'),('4b108a7a270bc21b94e8c0efa76b7a20','admin','TbCustomer','修改','update','{}','127.0.0.1',32,'2023-06-29 08:37:34'),('4b1a032b5456b67b749a541644314be9','Anonymous','登录模块','登录验证码','captcha','{}','127.0.0.1',2544,'2022-06-17 00:48:35'),('4b942f6d5f647c9e7dccbe0d0b2e1401','admin','登录日志管理','日志列表','page','{\"limit\":\"10\",\"page\":\"1\"}','127.0.0.1',68,'2020-05-07 05:48:17'),('4bde3d80ed1d9bb4e83a85ef2e6569db','admin','机构管理','列表','page','{\"limit\":\"10\",\"page\":\"1\"}','127.0.0.1',33,'2020-11-07 16:58:20'),('4be1db314d5479e5387253014698fdae','admin','登录模块','用户登录','login','{}','127.0.0.1',260,'2020-08-31 02:48:34'),('4c1523322ab900b29f3f2cd82f8ba563','admin','数据字典','列表','page','{\"diceCodes\":\"\",\"dictName\":\"\"}','127.0.0.1',49,'2020-10-27 09:01:23'),('4c47977e76273a49a41ba2999e00ff28','admin','菜单管理','新增','save','{}','127.0.0.1',155,'2020-05-08 01:35:49'),('4c847090f8afb001e8c52f1b9b3edd8c','admin','用户管理','列表','page','{\"nickName\":\"\",\"roles\":\"\",\"phone\":\"\",\"disable\":\"\",\"limit\":\"10\",\"page\":\"1\",\"username\":\"\"}','127.0.0.1',181,'2020-11-07 17:12:31'),('4c8d315cdc0bb04375e2ec51364ce3e4','admin','登录模块','用户登录','login','{}','127.0.0.1',322,'2020-03-23 05:25:52'),('4c8fca6c8f59e925d504fce6dafdad5f','Anonymous','登录模块','登录验证码','captcha','{}','127.0.0.1',1331,'2020-04-29 13:41:54'),('4ccd1a4441ce34387125b814b3080d6c','admin','用户管理','列表','page','{\"limit\":\"10\",\"page\":\"1\"}','127.0.0.1',211,'2020-04-13 02:35:51'),('4d05b81019b5197f8c7718991d584f4b','Anonymous','登录模块','登录验证码','captcha','{}','127.0.0.1',1117,'2020-09-07 09:27:37'),('4d76e2f0f1c9c82e515bd4e36e80ce8f','admin','登录模块','用户登录','login','{}','127.0.0.1',331,'2020-05-14 03:09:37'),('4d7c518a1a8cbc6c28f62b7bdf718e53','admin','ZzMessage','修改','read','{}','127.0.0.1',7,'2023-06-30 07:21:25'),('4d8dc54b320afb03223d8f601dd50058','admin','用户管理','列表','page','{\"limit\":\"10\",\"page\":\"1\"}','127.0.0.1',247,'2020-05-07 04:32:30'),('4dc57cfd589ec362f6fa3319c4483c19','admin','登录模块','用户登录','login','{}','127.0.0.1',347,'2020-10-24 03:46:54'),('4de06aee5c23820370322415c87fe00c','Anonymous','登录模块','登录验证码','captcha','{}','127.0.0.1',184,'2020-09-03 01:44:28'),('4e2629410b121195df32426f8873f6a0','admin','ZzMessage','修改','read','{}','127.0.0.1',10,'2023-06-30 07:16:57'),('4e4572f795ed6cb31cfee8b7f078e96e','Anonymous','登录模块','登录验证码','captcha','{}','',2083,'2020-05-14 03:09:36'),('4e6eee638e22a29f5a5174244ecc715e','Anonymous','登录模块','登录验证码','captcha','{}','127.0.0.1',690,'2023-06-27 15:14:44'),('4e7b61bc5ceb567a6a1163658f694437','admin','机构管理','列表','page','{\"deptName\":\"\",\"disable\":\"\",\"limit\":\"10\",\"page\":\"1\"}','127.0.0.1',30,'2020-11-07 17:06:03'),('4ea82164a8712c3bc08e46236f2c9dfb','admin','登录模块','登录验证码','captcha','{}','127.0.0.1',1117,'2020-10-24 03:51:24'),('4ec33251cb0c24e4f665780ffbc2659d','admin','用户管理','列表','page','{\"limit\":\"10\",\"page\":\"1\"}','127.0.0.1',224,'2020-08-11 02:07:59'),('4ee8195ce0036ae86f57f0acf7b2e396','admin','登录模块','用户登录','login','{}','127.0.0.1',331,'2020-05-14 10:38:16'),('4ee836ab4680a2bf461f9399096c8c52','admin','机构管理','列表','page','{\"limit\":\"10\",\"page\":\"1\"}','127.0.0.1',29,'2020-05-18 07:39:55'),('4f04352fe158d5bc466ab34629148937','admin','ZzMessage','列表','list','{}','127.0.0.1',15,'2023-06-30 05:50:10'),('4fabe9637b3b567e6e1f05e18a418827','admin','系统管理','列表','page','{\"limit\":\"10\",\"page\":\"1\"}','127.0.0.1',83,'2020-04-13 08:06:20'),('4ffacab40daeb01074480929fd01ea3d','admin','用户管理','列表','page','{\"deptId\":\"OR1200000703\",\"limit\":\"10\",\"page\":\"1\"}','127.0.0.1',273,'2020-05-18 07:38:20'),('501e0af3b7aec9624b273b7656d0ee2c','admin','登录模块','用户登录','login','{}','127.0.0.1',253,'2020-05-08 03:51:59'),('503e2defd700bf7118216a45039a8ad2','admin','系统管理','列表','page','{\"limit\":\"10\",\"page\":\"1\"}','127.0.0.1',75,'2020-05-07 05:41:59'),('50455cc85674fa95559016c64fe24746','Anonymous','登录模块','登录验证码','captcha','{}','127.0.0.1',29,'2022-06-16 08:44:58'),('507e90be7e6d72bee54f4e66b169e014','admin','登录模块','用户登录','login','{}','127.0.0.1',259,'2020-04-21 03:42:31'),('50d264e2ade446f54ce854da3755723a','admin','ZzMessageMgr','删除','delete','{}','127.0.0.1',2,'2023-06-30 06:38:01'),('5100f265057836cd6de78228f785babb','admin','登录模块','用户登录','login','{}','127.0.0.1',700,'2022-06-15 09:26:25'),('512440495343103335ee126a0d16916c','admin','机构管理','删除','delete','{}','127.0.0.1',126,'2020-08-20 09:13:30'),('5187acf71972ed18159e2fde3b82e277','admin','代码检测','下载检测结果文件','delete','{}','127.0.0.1',148,'2020-09-07 09:34:41'),('518e9b50a88d6d9741f40b3158a6763e','admin','登录模块','用户登录','login','{}','127.0.0.1',249,'2020-09-06 10:19:08'),('51d9bbb15b3b14c3af63d5768d52859e','admin','机构管理','恢复','recovery','{}','127.0.0.1',120,'2020-08-20 09:13:33'),('51e615371c46e84f6933da81870310c6','admin','ZzMessage','修改','read','{}','127.0.0.1',9,'2023-06-30 07:16:57'),('5227707280db4ae6272f8602528be0ef','admin','角色管理','修改','update','{}','127.0.0.1',1866,'2020-04-21 10:26:34'),('52b226f064a17c91610adc471a9f4788','Anonymous','登录模块','登录验证码','captcha','{}','127.0.0.1',154,'2020-04-21 10:07:39'),('52e7ca740f07056a4f6c9f5a09e13da2','admin','登录模块','用户登录','login','{}','127.0.0.1',251,'2022-06-15 05:58:38'),('52f572ab5f587073edf251cc7a0cc0e8','admin','用户管理','列表','page','{\"limit\":\"10\",\"page\":\"1\"}','127.0.0.1',266,'2020-05-08 03:08:24'),('5307562783afa6c3468004c2dace2c8f','admin','ZzMessage','列表','list','{}','127.0.0.1',38,'2023-06-30 05:33:51'),('53bab69e9d986bcf6bd0d0d1cb62cd36','admin','用户管理','列表','page','{\"limit\":\"10\",\"page\":\"1\"}','127.0.0.1',155,'2020-03-16 08:04:10'),('53d30f20e4a35d06ed9d24429c0c4dc6','admin','用户管理','列表','page','{\"deptId\":\"OR1500058289\",\"limit\":\"10\",\"page\":\"1\"}','127.0.0.1',84,'2020-05-18 07:38:16'),('53d466297e9fdc072275a5ff9d0bcbb3','admin','登录模块','用户登录','login','{}','127.0.0.1',150,'2023-06-29 21:14:22'),('54a2a020dcf66eb2581f8f8a85b67c39','admin','登录模块','用户登录','login','{}','127.0.0.1',851,'2020-08-10 07:42:49'),('54b75dc21ab9ac1b3d23f4e77f9793f9','admin','机构管理','列表','page','{\"limit\":\"10\",\"page\":\"1\"}','127.0.0.1',35,'2020-09-07 09:35:14'),('553f407a44faf79c71b7b730ec33ef6f','admin','用户管理','列表','page','{\"limit\":\"10\",\"page\":\"1\"}','127.0.0.1',349,'2020-05-18 07:37:33'),('555681920e0618489dfcb946a14c63f2','admin','系统管理','列表','page','{\"limit\":\"10\",\"page\":\"1\"}','127.0.0.1',54,'2020-05-08 02:08:56'),('5573f96aeabd36c6439c246536f9f566','Anonymous','登录模块','登录验证码','captcha','{}','',1222,'2020-09-05 06:50:39'),('55a9917c2e69322eb0324e85b11c4b16','root','登录模块','用户登录','login','{}','127.0.0.1',24,'2022-06-17 01:13:27'),('573324b75605a6c68ab18f71b79c1eee','admin','用户管理','列表','page','{\"nickName\":\"\",\"roles\":\"\",\"phone\":\"\",\"disable\":\"\",\"limit\":\"50\",\"page\":\"1\",\"username\":\"\"}','127.0.0.1',197,'2020-11-07 17:14:12'),('57c43cc135d2443dd706b607c23103ba','admin','登录模块','用户登录','login','{}','127.0.0.1',156,'2020-11-07 16:58:12'),('57cbffc9a86e780cf884a269ca2ded61','admin','数据字典','列表','page','{\"diceCodes\":\"\",\"dictName\":\"\"}','127.0.0.1',21,'2023-06-26 07:32:01'),('57e4b0c0870b99f10fb3f3e6e2fea3f4','admin','用户管理','列表','page','{\"phone\":\"\",\"nickName\":\"\",\"disable\":\"\",\"roles\":\"\",\"limit\":\"10\",\"page\":\"1\",\"username\":\"\"}','127.0.0.1',42,'2022-06-17 01:13:10'),('5814d02c78855d4a60b3b45fd5de0d15','Anonymous','登录模块','登录验证码','captcha','{}','127.0.0.1',1578,'2020-04-21 03:42:29'),('5876875f33899fb5f4ececbaab84ebaa','root','用户管理','修改','update','{}','127.0.0.1',34,'2022-06-17 01:13:48'),('587e660cd723021255c9bc1776d65291','admin','登录日志管理','日志列表','page','{\"limit\":\"10\",\"page\":\"1\"}','127.0.0.1',77,'2020-04-13 08:04:21'),('58b9ce41a87f584a9c057d3f19fd440b','admin','DemoTest','删除','delete','{}','',8,'2022-06-17 00:48:00'),('58c592b50e5950e5000e1e7b7d29d2cd','admin','ZzMessage','修改','read','{}','127.0.0.1',9,'2023-06-30 07:16:52'),('58d83cebe1a0d2970392b16c368ced56','Anonymous','登录模块','登录验证码','captcha','{}','127.0.0.1',51,'2023-06-27 14:07:48'),('58d916d54793b515a7c19c87c809644f','admin','数据字典','列表','page','{\"diceCodes\":\"\",\"dictName\":\"\"}','127.0.0.1',16,'2023-06-27 14:27:09'),('59348021b1943eccdbdbf686057ccda1','admin','用户管理','列表','page','{\"limit\":\"10\",\"page\":\"1\"}','127.0.0.1',164,'2020-05-07 10:01:05'),('5940898a9720c7eff095bae2a740dd18','admin','登录日志管理','登录日志列表','page','{\"limit\":\"10\",\"page\":\"1\"}','127.0.0.1',76,'2020-04-13 07:56:23'),('5946a450fed8c91093cf00a3705c2bde','admin','登录日志管理','日志列表','page','{\"limit\":\"10\",\"page\":\"1\"}','127.0.0.1',66,'2020-08-20 09:43:51'),('5984ca6d4dfced22e367ea9d9d043d98','admin','用户管理','列表','page','{\"limit\":\"10\",\"page\":\"2\"}','127.0.0.1',105,'2020-04-08 07:33:00'),('5997eb2aea2d1a3b829a50687f8ce91a','admin','ZzMessageMgr','删除','delete','{}','127.0.0.1',3,'2023-06-30 06:34:51'),('599c9adbf3ce5425db830feeb048eb5e','admin','用户管理','列表','page','{\"limit\":\"10\",\"page\":\"1\"}','127.0.0.1',282,'2020-07-27 07:56:48'),('59e6ce41033841ede18bb329029f2a1a','admin','用户管理','修改','update','{}','127.0.0.1',109,'2020-04-08 07:48:29'),('5a65a34c00f9b8043542a109c1c9d48d','admin','登录模块','用户登录','login','{}','192.168.213.1',1411,'2020-04-16 07:35:10'),('5b21c283cebc240d96d11d58b861e2ec','admin','用户管理','修改','update','{}','127.0.0.1',168,'2020-11-07 17:12:30'),('5b3352f5b7794fd1d8f8e89363ae4ced','admin','查询用户列表','openApi','userList','{}','127.0.0.1',82,'2020-09-06 22:16:00'),('5b345a4868f54be0a5551b7321d76e24','admin','用户管理','列表','page','{\"nickName\":\"\",\"roles\":\"\",\"deptId\":\"1325122003077693442\",\"phone\":\"\",\"disable\":\"\",\"limit\":\"10\",\"page\":\"1\",\"username\":\"\"}','127.0.0.1',117,'2020-11-07 17:40:56'),('5b931db1f18af2de9f1e9f212a7b1047','admin','机构管理','列表','page','{\"limit\":\"10\",\"page\":\"1\"}','127.0.0.1',22,'2020-04-07 07:13:23'),('5ba9069349ea33982626744cf75e01f9','admin','系统管理','列表','page','{\"limit\":\"10\",\"page\":\"1\"}','127.0.0.1',76,'2020-05-08 07:16:10'),('5bdba628bd53a1b1dd2ee666dfeed6b4','admin','系统管理','列表','page','{\"limit\":\"10\",\"page\":\"1\"}','127.0.0.1',21,'2023-06-28 09:32:23'),('5c0444c9bac619e0e0bc0245527e6dd0','admin','ZzMessage','列表','list','{}','127.0.0.1',3,'2023-06-30 06:00:28'),('5c9c35206644efaa6a1b293167cdf2cf','Anonymous','登录模块','登录验证码','captcha','{}','127.0.0.1',37,'2022-06-16 08:44:34'),('5ccb3978b300f7c30ec7b53e51df2978','admin','登录模块','用户登录','login','{}','127.0.0.1',407,'2020-05-07 09:03:39'),('5ce80c1c328a69989cbe168a3f0d7ac9','Anonymous','登录模块','登录验证码','captcha','{}','127.0.0.1',196,'2020-04-13 06:47:46'),('5cfca95865542b0c2cc8d3d9a7623123','admin','ZzMessage','修改','read','{}','127.0.0.1',9,'2023-06-30 07:16:56'),('5d3d8ea99efe9fec4d9de37e7a1148b9','Anonymous','登录模块','用户退出','logout','{}','127.0.0.1',111,'2020-09-02 07:48:58'),('5e7498dc74e695c3076413b923cc3c9b','admin','用户管理','修改','update','{}','127.0.0.1',126,'2020-11-07 17:14:02'),('5e7a24b7bd5637378768f1d8e27aaa91','admin','ZzMessage','列表','list','{}','127.0.0.1',5,'2023-06-30 06:00:12'),('5eb77432b8f2fe8eb5fd54bcb765afeb','admin','登录模块','用户登录','login','{}','127.0.0.1',184,'2020-03-22 13:13:17'),('5ed95a85c35b8d588c346235a6c62fa3','admin','用户管理','列表','page','{\"limit\":\"10\",\"page\":\"1\"}','127.0.0.1',186,'2020-08-12 01:53:36'),('5f11cf5c9b5dcd10be101450cca72ecd','admin','登录模块','用户登录','login','{}','127.0.0.1',270,'2020-07-29 07:10:43'),('5f3fa8ffcc4d5ebd925bfc72b1076be8','admin','登录模块','用户登录','login','{}','127.0.0.1',303,'2020-09-02 13:56:31'),('5f7d0bb045eddc9ca7f86201ccb8d767','admin','登录模块','登录验证码','captcha','{}','127.0.0.1',141,'2020-10-24 03:51:29'),('5f93f22897a3c1d99135be1d76ac8873','Anonymous','登录模块','登录验证码','captcha','{}','127.0.0.1',175,'2020-09-05 08:56:35'),('60243a2487e0e62494302e2047223932','admin','用户管理','列表','page','{\"limit\":\"10\",\"page\":\"1\"}','127.0.0.1',189,'2020-04-13 07:55:04'),('603c168d3311accfe0275d04b34a9087','admin','菜单管理','修改','update','{}','127.0.0.1',35,'2023-06-29 09:02:58'),('60afe7697ac1958894b799ef54d95d9c','admin','查询用户列表','openApi','userList','{}','127.0.0.1',63,'2020-09-07 09:29:22'),('60da0237977603e913f046ae1ded473a','admin','登录模块','用户登录','login','{}','127.0.0.1',332,'2020-10-04 16:56:08'),('611f8c58f2db4a562d505ade36896a32','Anonymous','登录模块','登录验证码','captcha','{}','127.0.0.1',1231,'2023-06-27 00:35:33'),('613590cbff458904d0612d8cd362f8a6','admin','登录模块','用户登录','login','{}','127.0.0.1',174,'2020-03-22 14:31:20'),('614dc6a59c4f9775883bef9228626bef','Anonymous','登录模块','登录验证码','captcha','{}','127.0.0.1',135,'2020-04-17 05:47:55'),('61544cf225f55a18d995be2331e8a308','admin','登录模块','用户登录','login','{}','127.0.0.1',30,'2022-06-16 08:44:17'),('615d4489b262d26ec0dd58e87a918921','admin','TbOrderInfo','修改','update','{}','127.0.0.1',6,'2023-06-30 07:23:53'),('6165987cc980dd5480af482e1a73f98c','admin','用户管理','列表','page','{\"deptId\":\"4444\",\"limit\":\"10\",\"page\":\"1\"}','127.0.0.1',31,'2022-06-15 05:40:51'),('619f7b1a8097083d1db0bdf8caf376c3','Anonymous','登录模块','登录验证码','captcha','{}','127.0.0.1',919,'2023-06-27 14:07:46'),('61a38ac2f77a90241785644ac6e63697','admin','登录模块','用户登录','login','{}','127.0.0.1',239,'2020-08-01 06:07:17'),('61b3cbb30d1fd8814ff331aefc475394','admin','系统管理','列表','page','{\"limit\":\"10\",\"page\":\"1\"}','127.0.0.1',65,'2020-05-08 03:07:06'),('61d804c831c78ccc27074e4ec3da999c','admin','用户管理','列表','page','{\"limit\":\"10\",\"page\":\"1\"}','127.0.0.1',226,'2020-04-16 08:26:45'),('625b9425a97a110c1a30e22f145138de','admin','ZzMessage','列表','list','{}','127.0.0.1',5,'2023-06-30 05:04:45'),('6280fcd0c6431bfbc15aab5cc386c7e3','admin','菜单管理','新增','save','{}','127.0.0.1',68,'2020-08-01 06:45:37'),('629f6fdf3bd62ecc217b5337c99bb607','admin','用户管理','列表','page','{\"limit\":\"10\",\"page\":\"1\"}','127.0.0.1',196,'2020-07-26 08:58:33'),('62cf2c608c7226cf90a71bf9c0df8d0c','admin','登录模块','用户登录','login','{}','127.0.0.1',282,'2020-04-29 13:41:54'),('62e7c2be9b99b974700b72ea9d99b016','admin','用户管理','列表','page','{\"limit\":\"10\",\"page\":\"1\"}','127.0.0.1',262,'2020-05-07 04:34:29'),('630828dfa11398cf00ae2edd90ef6164','admin','登录日志管理','日志列表','page','{\"limit\":\"10\",\"page\":\"1\"}','127.0.0.1',101,'2020-10-24 03:56:54'),('63103417d406cf6d5256333ea080f984','admin','数据字典','列表','page','{\"diceCodes\":\"\",\"dictName\":\"\"}','127.0.0.1',59,'2020-10-27 09:14:54'),('63309e47fc6affc96d88787d44c30283','admin','用户管理','列表','page','{\"limit\":\"10\",\"page\":\"1\"}','127.0.0.1',179,'2020-05-07 04:36:18'),('6374dca393f1e760da89541016841529','admin','机构管理','列表','page','{\"limit\":\"10\",\"page\":\"1\"}','127.0.0.1',11,'2022-06-17 01:07:10'),('6377bf90911bbea7f2e64baf80bb8cea','admin','登录模块','用户登录','login','{}','127.0.0.1',174,'2023-06-27 15:14:45'),('64052c58f854dc18866d2925baf2184a','Anonymous','登录模块','登录验证码','captcha','{}','127.0.0.1',187,'2020-07-27 07:09:58'),('6418f001b64c2037a6d55f6c6f89bc8e','admin','用户管理','列表','page','{\"nickName\":\"\",\"roles\":\"\",\"deptId\":\"4444\",\"phone\":\"\",\"disable\":\"\",\"limit\":\"10\",\"page\":\"1\",\"username\":\"\"}','127.0.0.1',194,'2020-11-07 17:41:08'),('6469dc6ada116316a686f6efe447b0d4','admin','数据字典','列表','page','{\"diceCodes\":\"\",\"dictName\":\"\"}','127.0.0.1',15,'2022-06-15 09:39:02'),('6471044ceee52b6f1b9e683bc04f8916','admin','用户管理','列表','page','{\"limit\":\"10\",\"page\":\"1\"}','127.0.0.1',231,'2020-04-29 13:42:10'),('647b0dba596ec216b2cdba765fc227c0','Anonymous','登录模块','登录验证码','captcha','{}','127.0.0.1',1549,'2020-09-23 03:18:14'),('64abd6636a23effc94e4dc7e9f51f69d','Anonymous','登录模块','登录验证码','captcha','{}','127.0.0.1',1896,'2020-09-05 08:32:39'),('64d16b5aac9efb9b1ce8a63ad758586e','admin','系统管理','列表','page','{\"limit\":\"10\",\"page\":\"1\"}','127.0.0.1',52,'2020-05-08 02:02:59'),('64f006051bfaab7d5fb7a8b8ed9bbc6b','Anonymous','登录模块','登录验证码','captcha','{}','127.0.0.1',144,'2020-04-17 05:47:56'),('65131396dd6528fd454a6a3605c47f0c','admin','ZzMessage','列表','list','{}','127.0.0.1',3,'2023-06-30 06:00:27'),('6552aa3c7918fbec023c0d55c1f21575','Anonymous','登录模块','登录验证码','captcha','{}','127.0.0.1',141,'2020-04-16 09:01:34'),('65b607019d52275f7cfdc128dc540836','admin','登录模块','用户登录','login','{}','127.0.0.1',433,'2020-04-29 14:48:27'),('65cc5f4dff88386d9c5bc4d603b40698','Anonymous','登录模块','登录验证码','captcha','{}','',501,'2020-04-21 07:30:56'),('65e020ebcab93dfc4d19f41a41195808','admin','用户管理','列表','page','{\"limit\":\"10\",\"page\":\"1\"}','127.0.0.1',217,'2020-04-13 07:54:49'),('661994f20cde870ef028b99432919dcd','Anonymous','登录模块','登录验证码','captcha','{}','127.0.0.1',1681,'2020-05-07 08:21:54'),('663340fb611541df3b444d31e646a8ba','admin','角色管理','修改','update','{}','127.0.0.1',156,'2020-04-21 10:08:15'),('6657685094c3ebcaaa7f43e46cfea5f8','admin','机构管理','列表','page','{\"deptId\":\"OR1200000478\",\"limit\":\"10\",\"page\":\"1\"}','127.0.0.1',91,'2020-05-18 07:40:39'),('6680e66160466f62a2dc9ccbe7c24ed9','admin','ZzMessage','修改','read','{}','127.0.0.1',5,'2023-06-30 07:27:02'),('6688516bcc935599513eea917c10de8a','admin','系统管理','列表','page','{\"limit\":\"10\",\"page\":\"1\"}','127.0.0.1',70,'2020-05-08 02:46:17'),('668d5a63117bf78aefe82656a87ac30e','admin','系统管理','列表','page','{\"limit\":\"10\",\"page\":\"1\"}','127.0.0.1',71,'2020-04-16 09:28:01'),('66ba636cfd601d7af97118561d001ff3','admin','登录模块','用户登录','login','{}','127.0.0.1',90,'2020-04-17 08:51:19'),('66fe60e5382abb6c3884491fd7a1d827','admin','ZzMessage','列表','checkMsg','{}','127.0.0.1',4,'2023-06-30 05:58:00'),('673681ab1e50ceb09d83d3280469e640','admin','机构管理','列表','page','{\"limit\":\"10\",\"page\":\"1\"}','127.0.0.1',28,'2020-11-07 17:01:50'),('675db9e5f3e0cac0cefc74363d975abe','admin','登录模块','用户登录','login','{}','127.0.0.1',3215,'2020-08-31 02:25:11'),('6799fd67ccc9f18771e73a95bc170a2c','admin','登录日志管理','日志列表','page','{\"limit\":\"10\",\"page\":\"1\"}','127.0.0.1',66,'2020-05-07 05:51:02'),('67c4b9b95f11b8a67ac791753c967c29','Anonymous','登录模块','登录验证码','captcha','{}','127.0.0.1',1507,'2020-08-20 09:09:56'),('6845f86250d74eaa16db171c6edbad6f','admin','用户管理','列表','page','{\"limit\":\"10\",\"page\":\"1\"}','127.0.0.1',234,'2020-03-23 05:25:58'),('69bf39125db80cae2e36593ecfbae112','admin','ZzMessage','修改','read','{}','127.0.0.1',8,'2023-06-30 07:27:01'),('69c621d5007b1014dc315bf14449e7cb','Anonymous','登录模块','登录验证码','captcha','{}','127.0.0.1',201,'2020-09-03 06:31:03'),('6a087ba1fd639befac3f4187583bd22d','admin','机构管理','列表','page','{\"deptName\":\"\",\"disable\":\"\",\"limit\":\"10\",\"page\":\"1\"}','127.0.0.1',22,'2020-11-07 17:10:21'),('6a35a4423c59db0a2f235e5484141c48','Anonymous','登录模块','登录验证码','captcha','{}','127.0.0.1',349,'2023-06-30 03:14:57'),('6a429434b6776b837dbfd0e569b43b41','admin','ZzMessage','列表','list','{}','127.0.0.1',42,'2023-06-30 05:14:57'),('6a5f37e914491e181b2d253c413f2f81','admin','用户管理','列表','page','{\"limit\":\"10\",\"page\":\"1\"}','127.0.0.1',525,'2020-04-29 14:48:37'),('6aa4e61030dec466f4e8a27479cb2bba','admin','机构管理','列表','page','{\"limit\":\"10\",\"page\":\"1\"}','127.0.0.1',17,'2023-06-27 14:27:15'),('6aeca27aa552aff8f4822feb466fa482','admin','代码检测','下载检测结果文件','delete','{}','127.0.0.1',175,'2020-09-06 22:03:30'),('6b6a13c659caabaac8e96c50a52347d0','admin','用户管理','修改','update','{}','127.0.0.1',121,'2020-11-07 17:14:12'),('6b7fb33fa987e68a80819470d1e7f0f0','Anonymous','登录模块','登录验证码','captcha','{}','127.0.0.1',178,'2020-09-03 07:54:37'),('6bb2153d53d93f55d71a9c39b74833a8','admin','角色管理','修改','update','{}','127.0.0.1',189,'2020-04-21 10:07:18'),('6bf71eb7de87557ffa6b8bc5d0d23fd7','admin','用户管理','列表','page','{\"nickName\":\"\",\"roles\":\"\",\"deptId\":\"1325123334769213441\",\"phone\":\"\",\"disable\":\"\",\"limit\":\"10\",\"page\":\"1\",\"username\":\"\"}','127.0.0.1',125,'2020-11-07 17:40:57'),('6c72d1896445d8c25b1a22c81da566df','admin','机构管理','列表','page','{\"limit\":\"10\",\"page\":\"1\"}','127.0.0.1',32,'2020-04-16 09:28:03'),('6c7f69982814440ee4b28a02dbfaba22','admin','用户管理','列表','page','{\"limit\":\"10\",\"page\":\"1\"}','127.0.0.1',112,'2022-06-17 01:07:07'),('6d25886c84bce2d3764ae51c82f536e4','admin','TbOrderInfo','修改','update','{}','127.0.0.1',5,'2023-06-30 07:23:51'),('6d70a9021d06d70b594f145e078f8732','Anonymous','登录模块','登录验证码','captcha','{}','127.0.0.1',2064,'2020-05-18 07:37:27'),('6d8c5b25779fb77ba156bebda69f770d','admin','用户管理','列表','page','{\"limit\":\"10\",\"page\":\"1\"}','127.0.0.1',118,'2022-06-17 01:12:56'),('6e0884ea6c411607158d78b559293f39','admin','登录模块','用户登录','login','{}','127.0.0.1',432,'2022-06-15 08:49:01'),('6e3c917199e950229dad95102e27871a','admin','机构管理','列表','page','{\"limit\":\"10\",\"page\":\"1\"}','127.0.0.1',30,'2020-05-07 05:47:00'),('6e537fd373e629b9c46156585ac0ece5','admin','系统管理','列表','page','{\"limit\":\"10\",\"page\":\"1\"}','127.0.0.1',84,'2020-05-11 07:52:01'),('6e8c82cb4bc493dcffd51cfb6c83b375','admin','ZzMessage','列表','list','{}','127.0.0.1',8,'2023-06-30 05:33:52'),('6ebbbda8e1b4c136098227da866ff0fa','admin','demo','删除','delete','{}','127.0.0.1',9,'2022-06-16 18:15:08'),('6fd90175be18279733b4fa0a37f4064f','Anonymous','登录模块','登录验证码','captcha','{}','192.168.213.1',145,'2020-04-16 07:33:33'),('7018e065ced441fa2082a320074798dc','admin','用户管理','列表','page','{\"deptId\":\"OR1500058290\",\"limit\":\"10\",\"page\":\"1\"}','127.0.0.1',111,'2020-05-18 07:38:19'),('702edbbf09ded210e6dfbc27713c9360','Anonymous','登录模块','登录验证码','captcha','{}','127.0.0.1',165,'2023-06-27 01:31:35'),('70f2109490a6242ccd7da7270bbc1bdd','admin','ZzMessage','修改','read','{}','127.0.0.1',6,'2023-06-30 07:27:00'),('71513df5cb035795e3993dff4c6a425b','admin','用户管理','导出','export','{\"nickName\":\"\",\"roles\":\"\",\"phone\":\"\",\"disable\":\"\",\"username\":\"\"}','127.0.0.1',885,'2020-05-09 10:29:50'),('71d70a75238cf0805c9e838fb7707c24','Anonymous','登录模块','登录验证码','captcha','{}','127.0.0.1',2379,'2023-06-29 21:14:19'),('71d7c5c5015692c7de28daa5c5e7539b','admin','数据字典','列表','page','{\"diceCodes\":\"\",\"dictName\":\"\"}','127.0.0.1',118,'2020-08-12 01:51:09'),('721abdf8d874cdc7a6fb63ab0ea59567','admin','登录日志管理','登录日志列表','page','{\"limit\":\"10\",\"page\":\"1\"}','127.0.0.1',56,'2020-04-13 07:47:14'),('724ede4579d26a1ebadff777e8ef595f','admin','ZzMessage','修改','read','{}','127.0.0.1',9,'2023-06-30 07:16:54'),('729953b47115c58ab0e46bf764361d66','admin','ZzMessage','修改','read','{}','127.0.0.1',10,'2023-06-30 07:18:37'),('72c4d03b21cfdafc5b38dc064b76516b','Anonymous','登录模块','登录验证码','captcha','{}','127.0.0.1',28,'2022-06-15 05:41:00'),('731e14dcb257cb7d5ae04e8d9bd13e13','root','登录模块','用户登录','login','{}','127.0.0.1',182,'2022-06-17 01:13:17'),('732e03f091e450b95daca6843b6c647e','admin','登录模块','用户登录','login','{}','127.0.0.1',24,'2022-06-16 08:44:49'),('734f6a72591c0b24d50fd8fba43a04ba','admin','ZzMessage','列表','list','{}','127.0.0.1',5,'2023-06-30 05:17:40'),('735fe919535367dc503df4b8364dffa5','Anonymous','登录模块','登录验证码','captcha','{}','',430,'2020-04-21 07:38:43'),('738b2d05c9659d884f23942defbc0bdd','Anonymous','登录模块','登录验证码','captcha','{}','127.0.0.1',196,'2020-09-03 01:47:02'),('73c041dff1bca667187a2fbd6a6882fd','Anonymous','登录模块','登录验证码','captcha','{}','127.0.0.1',38,'2022-06-16 06:43:12'),('73d3ddf1f0c8de27068bec0686e6fa3a','admin','机构管理','列表','page','{\"deptId\":\"OR1200000691\",\"limit\":\"10\",\"page\":\"1\"}','127.0.0.1',92,'2020-05-18 07:40:41'),('73efa01218143c40c19b4bf98d954554','Anonymous','登录模块','登录验证码','captcha','{}','127.0.0.1',840,'2020-08-31 02:48:24'),('746b13650544cedaafbd164227376e97','admin','系统管理','列表','page','{\"limit\":\"10\",\"page\":\"1\"}','127.0.0.1',57,'2020-10-27 09:14:54'),('7478d778a5e5107e43a5f82df347fb10','admin','登录日志管理','登录日志列表','page','{\"limit\":\"10\",\"page\":\"1\"}','127.0.0.1',58,'2020-04-13 07:47:42'),('748d93be165367f1e56e5dbfd727fe1f','admin','ZzMessage','删除','delete','{}','127.0.0.1',10,'2023-06-30 06:45:26'),('748e4152d797269660c6e45885da50cf','admin','机构管理','列表','page','{\"limit\":\"10\",\"page\":\"1\"}','127.0.0.1',26,'2020-10-04 16:56:33'),('749d49c9f8dd5cbd3dc754894d0d5a6d','Anonymous','登录模块','登录验证码','captcha','{}','127.0.0.1',1622,'2020-04-03 14:23:33'),('74a4911297b245d01691a849d5c38268','admin','登录模块','用户登录','login','{}','127.0.0.1',239,'2020-10-24 03:55:00'),('74c1163da0bf20392fe560d0476bae63','admin','登录模块','用户登录','login','{}','127.0.0.1',990,'2020-04-16 08:25:34'),('753e5680fce3ff3812747e62c886df57','Anonymous','登录模块','登录验证码','captcha','{}','127.0.0.1',2312,'2020-04-29 14:48:25'),('7548e9a871b0f64796dea46611343155','admin','机构管理','新增','save','{}','127.0.0.1',61,'2020-11-07 17:09:31'),('756c8f143a90460b22ed54c46803d7ab','Anonymous','登录模块','登录验证码','captcha','{}','127.0.0.1',1393,'2020-05-23 05:36:16'),('75aa546b3175bf4818e377e422357f0b','Anonymous','登录模块','登录验证码','captcha','{}','127.0.0.1',148,'2020-09-06 10:19:07'),('75db6134fae7e5de5a65aa1d72a5de2b','admin','登录模块','用户登录','login','{}','127.0.0.1',467,'2020-04-17 01:40:48'),('762444eb702665f365fb0d784e97d39a','admin','ZzMessage','删除','delete','{}','127.0.0.1',19,'2023-06-30 06:52:07'),('763a70195110fcaaa89eac7f311d4ef3','admin','ZzMessage','列表','list','{}','127.0.0.1',3,'2023-06-30 06:00:43'),('7647fbe71dbba8cf171089d85b7f62a6','admin','用户管理','列表','page','{\"limit\":\"10\",\"page\":\"1\"}','127.0.0.1',184,'2020-05-14 03:12:46'),('765894208ec2a47783d2d3336d609c2d','admin','ZzMessage','修改','read','{}','127.0.0.1',5,'2023-06-30 07:27:00'),('766147e08d2a34257782f1ecd3de48a2','admin','登录模块','用户登录','login','{}','127.0.0.1',442,'2020-05-08 09:08:08'),('769542724ee60e26496300ffb12b3561','zhouliufu','登录模块','用户登录','login','{}','127.0.0.1',14,'2022-06-17 01:14:29'),('772e67624f45bd69b08ef3eb863b4fa6','admin','数据字典','列表','page','{\"diceCodes\":\"\",\"dictName\":\"\"}','127.0.0.1',50,'2020-04-13 07:37:28'),('775ba7784a2faa9d3d6831fd6ba13f82','admin','系统管理','列表','page','{\"limit\":\"10\",\"page\":\"1\"}','127.0.0.1',58,'2020-04-13 07:15:11'),('7768cfec9069ff29edf71da79d6fdbbc','admin','系统管理','列表','page','{\"limit\":\"10\",\"page\":\"1\"}','127.0.0.1',57,'2020-03-23 05:26:23'),('77f900d3489165fd5683c475728d0447','admin','用户管理','列表','page','{\"nickName\":\"\",\"roles\":\"\",\"phone\":\"\",\"disable\":\"\",\"limit\":\"50\",\"page\":\"1\",\"username\":\"\"}','127.0.0.1',172,'2020-11-07 17:13:50'),('7813fe9e8b95a9518000223d9ec7d2c4','admin','登录模块','用户登录','login','{}','127.0.0.1',239,'2020-07-27 06:07:51'),('78d98342e373bb2e5d38d7614ee6d2c9','admin','用户管理','列表','page','{\"limit\":\"10\",\"page\":\"1\"}','127.0.0.1',214,'2020-04-07 10:02:07'),('794f65e4b749df69ea471e52aabcd9e8','admin','登录模块','用户登录','login','{}','127.0.0.1',112,'2020-03-22 07:48:15'),('795a4b9526dd0dd211dcf358a4f3e064','admin','ZzMessage','列表','checkMsg','{}','127.0.0.1',3,'2023-06-30 05:59:56'),('7963580dd4e2d60216960afee9623317','Anonymous','登录模块','登录验证码','captcha','{}','127.0.0.1',2004,'2022-06-16 18:12:35'),('79999f9ecea740211e0b2effc97e2c42','admin','用户管理','列表','page','{\"limit\":\"10\",\"page\":\"1\"}','127.0.0.1',243,'2020-04-17 06:33:52'),('7a49602db4359d7e64af859050229d1f','admin','用户管理','列表','page','{\"limit\":\"10\",\"page\":\"1\"}','127.0.0.1',162,'2020-04-13 07:55:35'),('7a5b749387a4e4dc7d4896a2587237f0','admin','系统管理','列表','page','{\"limit\":\"10\",\"page\":\"1\"}','127.0.0.1',75,'2020-05-08 02:01:17'),('7afd93b9347b63b19ca0a42ed5735052','admin','角色管理','修改','update','{}','127.0.0.1',64611,'2020-04-21 10:21:23'),('7b08cb46e637d087a8a67ea5e16c0673','admin','用户管理','列表','page','{\"limit\":\"10\",\"deptId\":\"OR1500058291\",\"page\":\"1\"}','127.0.0.1',81,'2020-04-16 08:58:05'),('7b35f6ea70f789f26ae94184d7084f3c','admin','TbOrderInfo','修改','update','{}','127.0.0.1',17,'2023-06-29 22:31:06'),('7b416688e8a0d0d6aa4c1b077140f0b5','Anonymous','登录模块','登录验证码','captcha','{}','127.0.0.1',31,'2022-06-16 08:44:24'),('7b72090b29137ead13634a64e8be84e6','admin','ZzMessage','列表','list','{}','127.0.0.1',5,'2023-06-30 05:16:39'),('7b93d87389bc633f72377d9009241acd','Anonymous','登录模块','登录验证码','captcha','{}','127.0.0.1',1039,'2020-03-21 06:43:25'),('7b9df1ba480beb133761b9d79297581c','admin','用户管理','列表','page','{\"limit\":\"10\",\"page\":\"1\"}','127.0.0.1',269,'2020-04-30 03:54:11'),('7bcb1289420509390e9ac8ed5b166ab3','Anonymous','登录模块','登录验证码','captcha','{}','',1878,'2020-03-23 05:25:51'),('7c13b8369ff696b1b70518dadc5469a3','admin','用户管理','列表','page','{\"limit\":\"10\",\"page\":\"1\"}','127.0.0.1',221,'2020-04-07 09:01:07'),('7c4e5919f6afe966d64fc8b9103868fe','admin','登录模块','用户登录','login','{}','127.0.0.1',102,'2020-09-03 06:31:05'),('7d0da9818813190b0b6eb7be6579bbb6','admin','ZzMessage','删除','delete','{}','127.0.0.1',15,'2023-06-30 06:47:05'),('7d63b34055b36654b32750331db625aa','admin','登录模块','用户登录','login','{}','127.0.0.1',272,'2020-09-07 09:27:38'),('7db8aa8a6a6989327cbe80764eb9b6c2','admin','机构管理','列表','page','{\"limit\":\"10\",\"page\":\"1\"}','127.0.0.1',24,'2020-11-07 17:03:45'),('7dc78ed2084ec4ea3d07517c4a64404b','admin','用户管理','列表','page','{\"limit\":\"10\",\"deptId\":\"OR1200000703\",\"page\":\"1\"}','127.0.0.1',217,'2020-04-16 08:58:07'),('7dd22e9418dcf4110d6eb5f2d27d5ff1','admin','数据字典','列表','page','{\"diceCodes\":\"\",\"dictName\":\"\"}','127.0.0.1',56,'2020-04-13 07:15:09'),('7de31c48aee09463d16c0b560a9cad36','admin','登录模块','用户登录','login','{}','127.0.0.1',364,'2020-04-17 03:48:58'),('7dfcc3f682b80237603a9f7e555f378d','admin','菜单管理','修改','update','{}','127.0.0.1',33,'2023-06-29 09:29:45'),('7e6046fc2b44b11d8a0b62f692ef579e','admin','系统管理','列表','page','{\"limit\":\"10\",\"page\":\"1\"}','127.0.0.1',69,'2020-08-12 01:51:13'),('7e6e0e786e5503474f792df5819ffa5e','Anonymous','登录模块','登录验证码','captcha','{}','127.0.0.1',1850,'2020-05-11 07:50:58'),('7e721e6500549081b661cd2a1e35a0e1','admin','登录日志管理','登录日志列表','page','{\"limit\":\"10\",\"page\":\"1\"}','127.0.0.1',80,'2020-04-13 07:46:35'),('7e894a62dd67088443f2bbf98d747074','admin','登录模块','用户登录','login','{}','127.0.0.1',541,'2022-06-17 00:44:28'),('7f08ad7966c4f71fb4ee5552997e58ae','admin','机构管理','列表','page','{\"limit\":\"10\",\"page\":\"1\"}','127.0.0.1',28,'2020-11-07 17:08:36'),('7fafa1e3d3c1159bc6404d8982044cca','Anonymous','登录模块','用户退出','logout','{}','127.0.0.1',2,'2022-06-17 01:14:27'),('80557e6cf2928eea5f6ed98d98a1c1cf','Anonymous','登录模块','登录验证码','captcha','{}','127.0.0.1',1242,'2020-04-30 03:54:06'),('806ab86e78d277dd0c35aa2a432e9d35','admin','TbOrderInfo','修改','update','{}','127.0.0.1',5,'2023-06-30 07:23:53'),('80a71e96825c21e74ebaf5d3e3aef79d','admin','TbOrderInfo','修改','update','{}','127.0.0.1',8,'2023-06-30 07:23:53'),('813bbf0d2258ddd2e77c6b6e207e4b9d','admin','用户管理','列表','page','{\"limit\":\"10\",\"page\":\"1\"}','127.0.0.1',60,'2022-06-15 05:40:40'),('8171650b81b72c5f90224380fcb89372','admin','登录模块','用户登录','login','{}','127.0.0.1',483,'2022-06-16 15:18:48'),('81adf9775645842a167bab42b0636b74','Anonymous','登录模块','登录验证码','captcha','{}','127.0.0.1',637,'2023-06-28 10:05:27'),('82a68e8cbcef4b7e638fb6b131ca4f00','admin','用户管理','列表','page','{\"limit\":\"10\",\"page\":\"1\"}','127.0.0.1',435,'2020-04-29 14:53:36'),('82cf95659117075f6f363a82cd3ae89e','admin','角色管理','修改','update','{}','127.0.0.1',68981,'2020-04-21 10:28:16'),('833776ace59f56acfae4f720d68c9e8b','admin','登录模块','用户登录','login','{}','127.0.0.1',316,'2020-09-06 06:10:31'),('834e74208c5fe90a25946c1c458e70de','Anonymous','登录模块','登录验证码','captcha','{}','127.0.0.1',27,'2022-06-16 08:44:34'),('83611ac9712339bd65933798c0101d70','admin','登录模块','登录验证码','captcha','{}','127.0.0.1',133,'2020-10-24 03:51:37'),('839031b88bc54154977545695ffdf22f','admin','用户管理','列表','page','{\"limit\":\"10\",\"page\":\"1\"}','127.0.0.1',306,'2020-04-08 07:32:57'),('83cf2fc3856e2718cc2e87872b748716','admin','系统管理','列表','page','{\"limit\":\"10\",\"page\":\"1\"}','127.0.0.1',61,'2020-05-08 03:07:57'),('84332bb5b52f50262353f8e72341491b','admin','用户管理','列表','page','{\"limit\":\"10\",\"page\":\"1\"}','127.0.0.1',191,'2020-04-13 02:53:48'),('845c4a31b9fb3f9c4e42f1a1409f4290','Anonymous','查询用户列表','openApi','userList','{}','127.0.0.1',5,'2020-09-05 08:33:00'),('84add9075f1b923d2e87ceb085da51bd','admin','菜单管理','新增','save','{}','127.0.0.1',118,'2020-04-20 07:31:20'),('84d83e5493273cd76262f57eb5c76bb6','admin','用户管理','列表','page','{\"limit\":\"10\",\"page\":\"1\"}','127.0.0.1',192,'2020-05-14 03:13:10'),('84e1c060aa364faf535f9316b6691762','admin','登录模块','用户登录','login','{}','127.0.0.1',401,'2020-10-27 09:01:09'),('84e5116ab6f6acfcc208225c61b9236b','admin','用户管理','列表','page','{\"limit\":\"10\",\"page\":\"1\"}','127.0.0.1',222,'2020-05-07 08:32:00'),('8517d2513e8abfd3816d27e2a9f82d30','admin','用户管理','列表','page','{\"nickName\":\"13333333333333333333\",\"roles\":\"\",\"phone\":\"1233333\",\"disable\":\"\",\"limit\":\"10\",\"page\":\"1\",\"username\":\"1233333333333\"}','127.0.0.1',58,'2020-10-04 16:56:21'),('85f1afe5f4449a48e272c227e7b14d7a','admin','代码检测','下载检测结果文件','delete','{}','127.0.0.1',152,'2020-09-06 21:50:23'),('85f8d2528dd004a61334ad5c9d1a8f9d','admin','登录模块','用户登录','login','{}','127.0.0.1',545,'2020-04-20 07:36:21'),('86272c5013f386e3b724bbb8e91d7858','admin','登录模块','用户登录','login','{}','127.0.0.1',313,'2020-07-27 07:56:17'),('862c29f13b32c0115e62700bfc532957','admin','用户管理','列表','page','{\"limit\":\"10\",\"page\":\"1\"}','127.0.0.1',198,'2020-04-07 08:50:36'),('86b297bd65610f52813e78f34bdc179f','admin','登录日志管理','登录日志列表','page','{\"limit\":\"10\",\"page\":\"1\"}','127.0.0.1',72,'2020-08-20 09:38:44'),('86db4a82e3c8123768f522631f093974','admin','机构管理','列表','page','{\"limit\":\"10\",\"page\":\"1\"}','127.0.0.1',35,'2020-09-07 09:33:39'),('8715eb83682b3e8ad9a0718b44037524','admin','用户管理','修改','update','{}','127.0.0.1',170,'2020-04-08 07:33:09'),('8773233ce726c6038a1ecc6fb5bf1c26','admin','ZzMessage','列表','checkMsg','{}','127.0.0.1',3,'2023-06-30 05:59:56'),('87746bc07e014ac21c5e23c298ae18f6','admin','demo','修改','update','{}','127.0.0.1',4,'2022-06-15 06:08:07'),('87cd128cf12bb67d06d385b495129b9f','admin','TbCustomer','修改','update','{}','127.0.0.1',33,'2023-06-28 10:07:47'),('882bcc61c4344a41d50b7a913d3a4f8b','admin','ZzMessage','列表','list','{}','127.0.0.1',15,'2023-06-30 05:57:56'),('889667fb96bb0111caf12f9ae7b668ef','Anonymous','登录模块','登录验证码','captcha','{}','127.0.0.1',1367,'2020-09-06 06:10:25'),('889c2be78d8a31ea32d43ce53ff06af9','admin','登录模块','用户登录','login','{}','127.0.0.1',363,'2020-04-21 07:30:57'),('895f1ab63b1b841f0399465652d431a6','admin','用户管理','列表','page','{\"limit\":\"10\",\"deptId\":\"OR1500067158\",\"page\":\"1\"}','127.0.0.1',84,'2020-04-16 08:58:03'),('89742b773e76a7d33e539a4965cfcae5','admin','ZzMessageMgr','删除','delete','{}','127.0.0.1',13,'2023-06-30 06:37:13'),('8979889c071116ad90bb8770a0bd33ea','admin','ZzMessage','删除','delete','{}','127.0.0.1',14,'2023-06-30 06:52:12'),('89e5c210f43cc7102b543df06bbfccf1','Anonymous','查询用户列表','openApi','userList','{\"ddd\":\"ddd\"}','127.0.0.1',1,'2020-09-05 13:35:31'),('89f92a9060e0948e0aa73ce2f2fd4c9c','admin','登录日志管理','日志列表','page','{\"limit\":\"10\",\"page\":\"1\"}','127.0.0.1',65,'2020-04-13 07:47:16'),('8a324bf93131fb61f9f579273f0a54e7','admin','数据字典','列表','page','{\"diceCodes\":\"\",\"dictName\":\"\"}','127.0.0.1',8,'2022-06-17 01:07:09'),('8a9d67b33c8283f8708af7069668a5ed','admin','demo','修改','update','{}','127.0.0.1',5,'2022-06-15 06:08:10'),('8ad71d9784115c2f8c2e4aacbff74809','admin','登录模块','用户登录','login','{}','127.0.0.1',92,'2020-03-16 09:32:30'),('8b38e31970c30f52a212e84a7dc0663e','admin','机构管理','列表','page','{\"deptName\":\"东莞分公司\",\"deptId\":\"OR1200000703\",\"disable\":\"\",\"limit\":\"10\",\"page\":\"1\"}','127.0.0.1',99,'2020-08-20 09:13:30'),('8be30d216154ea6ca26b6b7e57017c33','admin','代码检测','下载检测结果文件','delete','{}','127.0.0.1',144,'2020-09-07 09:34:39'),('8c8027c9a26f47f0a82d6848bfd2aba8','admin','菜单管理','修改','update','{}','127.0.0.1',41,'2023-06-29 09:58:09'),('8cbfbf12ae5a61c738b16b6b8f54063a','admin','ZzMessage','修改','read','{}','127.0.0.1',9,'2023-06-30 07:18:38'),('8cc5010e6f0e4af7721b4c29092739ea','Anonymous','登录模块','登录验证码','captcha','{}','127.0.0.1',42,'2022-06-15 05:40:59'),('8d1131026368ee0168acdc6852939151','admin','用户管理','列表','page','{\"limit\":\"10\",\"page\":\"1\"}','127.0.0.1',210,'2020-04-13 07:22:00'),('8d1e502fe0790b0aedf4bda2c3d5f126','admin','TbOrderInfo','修改','update','{}','127.0.0.1',15,'2023-06-29 22:31:05'),('8d87bb358e7f6a856f46eaaae17d9684','admin','用户管理','列表','page','{\"limit\":\"10\",\"page\":\"1\"}','127.0.0.1',237,'2020-09-03 02:20:36'),('8da2cab03b63141ccb70052fde67c73b','Anonymous','登录模块','登录验证码','captcha','{}','',810,'2020-09-03 01:40:41'),('8da6777869df8b5f84cf9159d909f8a9','admin','ZzMessage','修改','read','{}','127.0.0.1',5,'2023-06-30 07:21:47'),('8e068c29a8f8857f00d327e4fb5630f1','admin','数据字典','列表','page','{\"diceCodes\":\"\",\"dictName\":\"\"}','127.0.0.1',64,'2020-11-07 17:41:27'),('8e292d35c7f2dd7d6cc1e37b17427336','Anonymous','登录模块','登录验证码','captcha','{}','127.0.0.1',917,'2020-09-02 07:37:38'),('8e8599512ab9a92a3c0424486286140a','admin','用户管理','列表','page','{\"deptId\":\"1325123334769213441\",\"limit\":\"10\",\"page\":\"1\"}','127.0.0.1',24,'2022-06-15 05:40:50'),('8e94aa49b276d22a419703fde8dd823f','admin','用户管理','列表','page','{\"nickName\":\"\",\"roles\":\"\",\"deptId\":\"4444\",\"phone\":\"\",\"disable\":\"\",\"limit\":\"10\",\"page\":\"1\",\"username\":\"\"}','127.0.0.1',198,'2020-11-07 17:40:59'),('8ea606e1d4dfe036f70b7017005bf8d0','admin','机构管理','列表','page','{\"limit\":\"10\",\"page\":\"1\"}','127.0.0.1',23,'2020-11-07 17:09:46'),('8f0268898db54b8521e791c7876598b8','admin','菜单管理','新增','save','{}','127.0.0.1',139,'2020-05-08 02:44:14'),('8f2a3771a4bfced8ae8cb46734f7d98b','admin','TbOrderInfo','修改','update','{}','127.0.0.1',8,'2023-06-30 07:23:52'),('8fc0db50a50397d8213890adc78cc103','admin','ZzMessage','列表','checkMsg','{}','127.0.0.1',4,'2023-06-30 05:59:56'),('8fe35d4466953d1a88eb3d25d39bfe70','admin','用户管理','列表','page','{\"limit\":\"10\",\"page\":\"1\"}','127.0.0.1',214,'2020-05-07 04:36:50'),('903900cefb72a768af65f12af43a475e','root','用户管理','列表','page','{\"limit\":\"10\",\"page\":\"1\"}','127.0.0.1',43,'2022-06-17 01:13:38'),('907bf2595b6eb68510b1758c1e3b6468','root','用户管理','列表','page','{\"phone\":\"\",\"nickName\":\"\",\"disable\":\"\",\"roles\":\"\",\"limit\":\"10\",\"page\":\"1\",\"username\":\"\"}','127.0.0.1',45,'2022-06-17 01:13:48'),('90f52331aa30b13e122dd8aed5cb37b5','admin','用户管理','修改','update','{}','127.0.0.1',112,'2020-11-07 17:13:32'),('9126be5a4b26a9cf416fa9c7f9748440','admin','机构管理','列表','page','{\"limit\":\"10\",\"page\":\"1\"}','127.0.0.1',95,'2020-05-08 02:28:37'),('918b9aa794faab018e65f934b91a0542','Anonymous','登录模块','登录验证码','captcha','{}','127.0.0.1',1283,'2020-09-03 06:47:20'),('919168bf5dddc9fa8361c5ede5f0d163','admin','数据字典','列表','page','{\"diceCodes\":\"\",\"dictName\":\"\"}','127.0.0.1',19,'2023-06-28 09:32:23'),('92383d0e20b7b14fa61c2936b83812b6','admin','用户管理','列表','page','{\"limit\":\"10\",\"page\":\"1\"}','127.0.0.1',56,'2023-06-27 14:27:12'),('92512339b8f9a7567360cecf1de2abc8','Anonymous','登录模块','登录验证码','captcha','{}','127.0.0.1',187,'2020-04-17 02:18:00'),('925f1ad8dcd1732df11ec25a26870b64','admin','登录模块','用户登录','login','{}','127.0.0.1',93,'2020-08-31 02:52:45'),('9261984bba06f93d664e9de22c26d075','admin','机构管理','列表','page','{\"deptId\":\"OR1200000387\",\"limit\":\"10\",\"page\":\"1\"}','127.0.0.1',98,'2020-05-18 07:40:37'),('92726f3f6ebc4efde42c7b6e1b005458','admin','机构管理','列表','page','{\"deptName\":\"\",\"disable\":\"\",\"limit\":\"10\",\"page\":\"1\"}','127.0.0.1',26,'2020-11-07 17:06:02'),('92f33f0cacd83a25b03a014f323b7b5e','admin','机构管理','列表','page','{\"limit\":\"10\",\"page\":\"1\"}','127.0.0.1',29,'2020-04-13 07:43:37'),('9300cf1795f7c85db7ff0ebcf0b677e5','admin','用户管理','列表','page','{\"limit\":\"10\",\"page\":\"1\"}','127.0.0.1',220,'2020-10-27 09:01:18'),('93269e269975ef623477067f26fccd2b','Anonymous','登录模块','用户退出','logout','{}','127.0.0.1',2,'2022-06-17 01:14:39'),('935ad0abe49331167fc686a357e843de','admin','ZzMessage','删除','delete','{}','127.0.0.1',16,'2023-06-30 06:56:55'),('938f548bb2fdd94a2ab14d6ca679642b','admin','用户管理','修改','update','{}','127.0.0.1',221,'2020-04-08 07:47:27'),('9390313600e31f17cf589cc4af224683','Anonymous','登录模块','登录验证码','captcha','{}','127.0.0.1',39,'2023-06-27 01:31:36'),('93f0d59f8efb09725c6bd907a6f46039','admin','用户管理','列表','page','{\"limit\":\"10\",\"page\":\"2\"}','127.0.0.1',74,'2020-05-09 10:30:04'),('94232c8c0569ae8e1ee1e7b3acf54703','admin','ZzMessage','修改','read','{}','127.0.0.1',17,'2023-06-30 07:12:21'),('945b254e7ef9df068785c6dd044a05f4','admin','登录模块','用户登录','login','{}','127.0.0.1',572,'2020-04-29 07:18:57'),('947d880cca9b111e5ef7fdab57c3a977','admin','TbOrderInfo','修改','update','{}','127.0.0.1',5,'2023-06-30 07:23:52'),('94977979b16bce056570fc87863e7969','Anonymous','登录模块','登录验证码','captcha','{}','127.0.0.1',48,'2022-06-16 08:44:13'),('94aacaf732e670651b8d6cbb65cee819','admin','ZzMessage','修改','read','{}','127.0.0.1',12,'2023-06-30 07:16:51'),('94b44f6a61caf4535ff41ef2b398606a','Anonymous','登录模块','登录验证码','captcha','{}','127.0.0.1',44,'2022-06-17 01:13:20'),('94f798aa2576b0e3ef640539e1bdc8d3','admin','数据字典','列表','page','{\"diceCodes\":\"\",\"dictName\":\"\"}','127.0.0.1',72,'2020-05-07 05:41:05'),('95152447f85f8c5c53603aead9d4bfdc','admin','ZzMessage','列表','checkMsg','{}','127.0.0.1',4,'2023-06-30 05:59:56'),('951dd01a5db5e762e038f3b9bdfff430','admin','ZzMessage','修改','read','{}','127.0.0.1',7,'2023-06-30 07:27:02'),('952b9cebecaf1eefad531ac0e481ec96','Anonymous','登录模块','登录验证码','captcha','{}','127.0.0.1',175,'2020-04-13 02:27:17'),('954138ce44710875f09371ea7fc30c4c','admin','角色管理','修改','update','{}','127.0.0.1',251,'2020-04-21 09:52:24'),('9557370e1246aa77574ff5a258f839af','admin','用户管理','列表','page','{\"limit\":\"10\",\"page\":\"1\"}','127.0.0.1',269,'2020-10-27 09:14:46'),('95682cca578afdf64ab2aeb0548ba133','Anonymous','登录模块','登录验证码','captcha','{}','127.0.0.1',35,'2022-06-16 08:44:24'),('959733e5a68fb6247eb5a36d5bbfbff8','Anonymous','登录模块','登录验证码','captcha','{}','127.0.0.1',76,'2022-06-17 01:14:27'),('95db9bda6bff79749968b6966a155803','Anonymous','登录模块','登录验证码','captcha','{}','127.0.0.1',1423,'2020-10-24 03:56:48'),('95e3b3f89e86878d6330b33bf3c4773e','admin','菜单管理','删除','delete','{}','127.0.0.1',110,'2020-11-07 17:43:12'),('962ef6adc51e8ed6b296ec97e116608e','admin','登录模块','用户登录','login','{}','127.0.0.1',157,'2023-06-28 10:05:28'),('966602fa3a22442629d793ae220ea552','admin','用户管理','列表','page','{\"limit\":\"10\",\"page\":\"1\"}','127.0.0.1',138,'2020-03-16 07:11:48'),('96881be9c9fad5398ba265447340b89f','admin','登录模块','用户登录','login','{}','127.0.0.1',301,'2020-08-20 09:09:57'),('96a885e1d3419b8098a96b0f7fe7c716','admin','ZzMessageMgr','删除','delete','{}','127.0.0.1',13,'2023-06-30 06:37:13'),('972b73066e834b046a451c143834814e','admin','用户管理','列表','page','{\"nickName\":\"\",\"roles\":\"\",\"phone\":\"\",\"disable\":\"\",\"limit\":\"10\",\"page\":\"1\",\"username\":\"\"}','127.0.0.1',184,'2020-07-30 06:57:20'),('97a538afd384f8cfa8c51e91ad9fbdc4','admin','登录模块','用户登录','login','{}','127.0.0.1',108,'2020-08-01 06:45:18'),('981c8a71e947bd2f43f09a102e5375f0','admin','系统管理','列表','page','{\"limit\":\"10\",\"page\":\"1\"}','127.0.0.1',47,'2020-05-08 02:06:10'),('98429ed446e4efb97dd617a4be025192','admin','系统管理','列表','page','{\"limit\":\"10\",\"page\":\"1\"}','127.0.0.1',23,'2023-06-26 07:32:03'),('9844a3a3c72b142a9db3a4977871ba00','Anonymous','登录模块','登录验证码','captcha','{}','127.0.0.1',1326,'2020-09-06 22:00:57'),('985b4f0b8bf7e6ffb39129f40fbc5492','admin','菜单管理','新增','save','{}','127.0.0.1',130,'2020-04-17 06:08:55'),('9863e797cb43ae5071ff576c451fffb1','admin','机构管理','列表','page','{\"deptName\":\"121\",\"deptId\":\"OR1200000703\",\"disable\":\"\",\"limit\":\"10\",\"page\":\"1\"}','127.0.0.1',75,'2020-08-20 09:14:55'),('99acfe34cc87ee01c2265b497697a997','admin','代码检测','新增','save','{}','127.0.0.1',53,'2020-09-06 08:46:38'),('99b155f4665d5fda945489498ae6d5cf','admin','用户管理','列表','page','{\"nickName\":\"\",\"roles\":\"\",\"deptId\":\"1325121829601280001\",\"phone\":\"\",\"disable\":\"\",\"limit\":\"10\",\"page\":\"1\",\"username\":\"\"}','127.0.0.1',93,'2020-11-07 17:40:55'),('99e261c198b198a4bee9aad9cd9f75ea','admin','ZzMessage','列表','checkMsg','{}','127.0.0.1',3,'2023-06-30 05:59:55'),('9a020f32f7341c42a4fef3daf30a4eb6','admin','代码检测','新增','save','{}','127.0.0.1',76,'2020-09-06 21:43:54'),('9a02365812e6380c28a07376fba068a1','admin','ZzMessage','修改','read','{}','127.0.0.1',6,'2023-06-30 07:27:00'),('9a6b98f56d2cc3b59847a4e76142f63e','admin','用户管理','列表','page','{\"limit\":\"10\",\"page\":\"1\"}','127.0.0.1',184,'2020-04-07 10:02:21'),('9a94e1e1da5acf2cd41f4a0e5f6ad262','admin','登录模块','用户登录','login','{}','127.0.0.1',106,'2020-03-22 05:37:43'),('9aa0271a1c9c05d188d3b5a89033184a','admin','用户管理','列表','page','{\"limit\":\"10\",\"page\":\"1\"}','127.0.0.1',183,'2020-04-13 02:27:33'),('9ad4773b31ae5548ec11b692f4529efd','admin','登录模块','用户登录','login','{}','127.0.0.1',19,'2022-06-15 05:41:03'),('9af029d79a3764d6a14b04b4e71da3d6','admin','机构管理','列表','page','{\"deptName\":\"1\",\"deptId\":\"OR1200000703\",\"disable\":\"\",\"limit\":\"10\",\"page\":\"1\"}','127.0.0.1',71,'2020-08-20 09:13:43'),('9b2b454aa6e65f7ac3d162b0ab0451fc','admin','机构管理','列表','page','{\"deptName\":\"东莞分公司\",\"deptId\":\"OR1200000703\",\"disable\":\"\",\"limit\":\"10\",\"page\":\"1\"}','127.0.0.1',105,'2020-08-20 09:13:17'),('9b6a17d41e5105dcfe504ea42127bf39','Anonymous','登录模块','登录验证码','captcha','{}','127.0.0.1',164,'2020-09-05 08:56:21'),('9b997d840ab142f153fcc42342c2be98','admin','用户管理','列表','page','{\"limit\":\"10\",\"page\":\"1\"}','127.0.0.1',133,'2020-03-16 08:04:57'),('9bb5bc00d2956ddcc4119957e0af44f1','admin','ZzMessage','修改','read','{}','127.0.0.1',15,'2023-06-30 07:16:51'),('9bb8071769f167961ec5fd07dbf2b0d8','admin','用户管理','列表','page','{\"limit\":\"10\",\"page\":\"1\"}','127.0.0.1',258,'2020-09-02 06:59:45'),('9c089d502c1bbfe18a62c73f5baf6955','admin','登录模块','用户登录','login','{}','127.0.0.1',203,'2020-09-07 09:35:11'),('9c58ca0e6c49010828adf67433ae9a48','admin','用户管理','列表','page','{\"limit\":\"10\",\"page\":\"1\"}','127.0.0.1',166,'2022-06-15 09:26:28'),('9ca783928332be94f0f4ed1907fb9157','admin','机构管理','列表','page','{\"limit\":\"10\",\"page\":\"1\"}','127.0.0.1',32,'2020-09-03 02:21:46'),('9cfaed349c360306b54a3d5f8eebf395','admin','登录模块','用户登录','login','{}','127.0.0.1',179,'2023-06-28 09:12:43'),('9d02364a39439714689211b6d3ed3c9f','admin','系统管理','列表','page','{\"limit\":\"10\",\"page\":\"1\"}','127.0.0.1',57,'2020-05-09 10:29:18'),('9d075492b64cac1aa70558e3de549ee4','admin','用户管理','列表','page','{\"nickName\":\"\",\"roles\":\"\",\"phone\":\"\",\"disable\":\"\",\"limit\":\"10\",\"page\":\"1\",\"username\":\"111\"}','127.0.0.1',65,'2020-05-09 10:30:47'),('9d2661fafd4fb5d81cd200072c70714c','admin','用户管理','列表','page','{\"limit\":\"10\",\"page\":\"1\"}','127.0.0.1',64,'2023-06-26 07:32:11'),('9dc95fa884cf7b2bceab55652f714e86','admin','代码检测','新增','save','{}','127.0.0.1',70,'2020-09-06 22:03:23'),('9e7f84a4b4efd4462df49bfc3f41a782','Anonymous','登录模块','登录验证码','captcha','{}','127.0.0.1',1637,'2020-08-12 01:50:57'),('9ea1099767e219cea3b7e5a380e99eb6','admin','登录模块','用户登录','login','{}','127.0.0.1',349,'2020-04-09 02:51:36'),('9ea9fd5f207458dac6378bf332af2065','admin','登录模块','用户登录','login','{}','127.0.0.1',441,'2020-04-24 01:16:34'),('9eac9276ad0fe5c7a33e0c9c685be135','Anonymous','登录模块','登录验证码','captcha','{}','127.0.0.1',188,'2020-08-01 06:45:17'),('9f26e2afa646bdfeaf1f64bf9b5938f4','admin','登录模块','用户登录','login','{}','127.0.0.1',184,'2023-06-29 08:36:12'),('9f2d23af5a15056594c5fcd0cfa6ca9a','Anonymous','登录模块','登录验证码','captcha','{}','127.0.0.1',1244,'2020-09-02 06:56:59'),('9fde99fcd87eae12f2a886af908d569b','Anonymous','登录模块','登录验证码','captcha','{}','127.0.0.1',173,'2020-09-02 07:49:37'),('9ff33ee8acaa3d342d10491cc0b4ea19','admin','登录模块','用户登录','login','{}','127.0.0.1',21,'2022-06-16 06:43:13'),('a0452f774f17341e9caeb3520f04eafc','admin','登录模块','用户登录','login','{}','127.0.0.1',307,'2020-07-24 07:55:41'),('a05d6728b56cfca1c0b41560deb5845c','admin','用户管理','列表','page','{\"limit\":\"10\",\"page\":\"1\"}','127.0.0.1',270,'2020-04-09 02:51:46'),('a0b7c23d3587157b72c383660b187669','admin','用户管理','列表','page','{\"deptId\":\"OR1200000387\",\"limit\":\"10\",\"page\":\"1\"}','127.0.0.1',105,'2020-05-18 07:38:25'),('a0e93baf6e8ab23e697e22fb459f40d7','Anonymous','登录模块','登录验证码','captcha','{}','127.0.0.1',184,'2020-07-28 09:01:21'),('a18497069876eea7e32d3e8edb1ec911','admin','登录模块','用户登录','login','{}','127.0.0.1',113,'2020-04-17 05:47:58'),('a1886f2255f9dcd792510c82deb6af24','admin','登录模块','用户登录','login','{}','127.0.0.1',295,'2020-09-05 06:50:41'),('a192f2d19e62451161996468921bdf08','admin','用户管理','修改','update','{}','127.0.0.1',109,'2020-11-07 17:13:50'),('a1c17314cfe09473221943fafb633afe','admin','用户管理','列表','page','{\"limit\":\"10\",\"page\":\"1\"}','127.0.0.1',115,'2022-06-15 05:58:48'),('a20a194b9171a5610e4b63b90ac7ac23','admin','菜单管理','修改','update','{}','127.0.0.1',106,'2020-04-21 03:02:47'),('a277b3eb53604907b918f571da394ea7','admin','系统管理','列表','page','{\"limit\":\"10\",\"page\":\"1\"}','127.0.0.1',50,'2020-05-08 02:00:30'),('a280b0c9f2c3ae141518fcbaa016d6f3','Anonymous','登录模块','登录验证码','captcha','{}','127.0.0.1',805,'2023-06-29 17:43:22'),('a285a0522a49ade9d22aa48d606673dd','admin','登录模块','用户登录','login','{}','127.0.0.1',93,'2020-04-21 10:07:40'),('a316ea7f69e3371f8ba3f81ecd748f5d','admin','ZzMessage','修改','read','{}','127.0.0.1',10,'2023-06-30 07:12:23'),('a32e1c5aa91da080aed6d39a7f864265','admin','TbOrderInfo','修改','update','{}','127.0.0.1',5,'2023-06-30 07:23:53'),('a340608c4380ef1193b90420bf09ced4','admin','登录模块','登录验证码','captcha','{}','127.0.0.1',145,'2020-10-24 03:50:34'),('a34dbe6995e4e952cd5c10fd0b812c3a','admin','登录模块','用户登录','login','{}','127.0.0.1',99,'2020-09-02 07:50:56'),('a3540caa162283461194256796cd38f5','Anonymous','登录模块','登录验证码','captcha','{}','',888,'2020-07-28 08:14:14'),('a39f527b7ddf425c3e5293124ebd37d4','admin','代码检测','下载检测结果文件','delete','{}','127.0.0.1',154,'2020-09-07 09:35:18'),('a3dbaffcf5e92c08bb14987c86bb034e','admin','用户管理','列表','page','{\"limit\":\"10\",\"page\":\"1\"}','127.0.0.1',121,'2022-06-16 18:14:59'),('a4212633ef33e074160769d634f0dc50','admin','系统管理','列表','page','{\"limit\":\"10\",\"page\":\"1\"}','127.0.0.1',68,'2020-05-07 05:42:32'),('a448a9c74e9f38400023c1e62a6464a2','admin','用户管理','列表','page','{\"limit\":\"10\",\"page\":\"1\"}','127.0.0.1',128,'2022-06-15 09:35:51'),('a4cc0ebe7326ccd5ec0da6dd2470fb08','Anonymous','登录模块','登录验证码','captcha','{}','127.0.0.1',1320,'2020-05-08 03:51:54'),('a52cd1dba870d1522e2188f1ab041b34','admin','用户管理','列表','page','{\"limit\":\"10\",\"page\":\"1\"}','127.0.0.1',243,'2020-04-07 08:59:30'),('a65bdefc7b83559bb777376e2e64a665','admin','ZzMessage','列表','list','{}','127.0.0.1',3,'2023-06-30 06:00:28'),('a6adadd44e6199e03348a0ea5baa6fff','admin','登录模块','用户登录','login','{}','127.0.0.1',365,'2020-04-15 06:53:55'),('a77afdc40a8823aa69b04fd2bcd34885','admin','登录模块','用户登录','login','{}','127.0.0.1',119,'2020-04-17 02:18:02'),('a79731bd28afce67aa83359cf23b0fc3','Anonymous','登录模块','登录验证码','captcha','{}','127.0.0.1',150,'2020-07-28 09:01:21'),('a7b64feaad495d892a1115383856bf06','admin','系统管理','列表','page','{\"limit\":\"10\",\"page\":\"1\"}','127.0.0.1',45,'2020-05-08 02:11:08'),('a7dc0b1174903c43fac66ffd4186afe1','admin','代码检测','下载检测结果文件','delete','{}','127.0.0.1',140,'2020-09-07 09:34:32'),('a805234a206b13bb3749b9f9fa39bff5','Anonymous','登录模块','登录验证码','captcha','{}','127.0.0.1',48,'2022-06-16 08:44:14'),('a83b80b36002f1ebb01d8178280e3cc6','Anonymous','登录模块','登录验证码','captcha','{}','127.0.0.1',1663,'2020-05-08 03:51:54'),('a895b09d9cd15d4ab6e08ba59d230fb8','admin','ZzMessage','修改','read','{}','127.0.0.1',6,'2023-06-30 07:21:45'),('a90684fc37a2358e608d1ffaad0c8fd8','admin','登录模块','用户登录','login','{}','127.0.0.1',83,'2020-04-13 02:27:27'),('a91fb1bcede93f0407651404a0db507e','admin','登录日志管理','登录日志列表','page','{\"limit\":\"10\",\"page\":\"1\"}','127.0.0.1',84,'2020-09-06 12:58:16'),('a94df23f62714587f36737ff66019e46','admin','用户管理','列表','page','{\"nickName\":\"\",\"roles\":\"\",\"deptId\":\"1325123225058803713\",\"phone\":\"\",\"disable\":\"\",\"limit\":\"10\",\"page\":\"1\",\"username\":\"\"}','127.0.0.1',96,'2020-11-07 17:40:56'),('aa20bff5220f67f290c73a56e9d192e4','Anonymous','登录模块','登录验证码','captcha','{}','127.0.0.1',35,'2022-06-17 01:14:39'),('aa4675da29279cb296bfa222d9a892a3','admin','ZzMessage','修改','read','{}','127.0.0.1',9,'2023-06-30 07:16:54'),('aa97966cad11d659cd13ee6a3204d3c3','admin','ZzMessage','列表','list','{}','127.0.0.1',3,'2023-06-30 06:00:28'),('aa9952f4ed26958e3d738b6fd0a35252','admin','菜单管理','新增','save','{}','127.0.0.1',111,'2020-05-08 01:37:35'),('aaac8cd9d4f2e55c96eb25ffc8123194','admin','登录模块','用户登录','login','{}','127.0.0.1',409,'2022-06-15 17:36:25'),('ab335c80a40e06f9a72d112b2b03683f','admin','ZzMessage','修改','read','{}','127.0.0.1',8,'2023-06-30 07:27:02'),('ab5d0f5a6a838955c9c749c540bcd9ac','admin','登录模块','用户登录','login','{}','127.0.0.1',164,'2022-06-16 18:12:36'),('abb2f0f29de44c081156a76860d0dffd','admin','ZzMessage','删除','delete','{}','127.0.0.1',9,'2023-06-30 06:47:06'),('abbd0ab70e82ceb5cf59706d17933514','admin','系统管理','列表','page','{\"limit\":\"10\",\"page\":\"1\"}','127.0.0.1',51,'2020-04-13 07:37:33'),('abd8f9c5551d948ef2a6429c9bb3cdb2','admin','ZzMessage','列表','list','{}','127.0.0.1',3,'2023-06-30 05:50:11'),('ac1c75a4c752aed0be9a656f6e5d3839','admin','登录模块','用户登录','login','{}','127.0.0.1',373,'2020-04-13 01:32:13'),('ac4ab85c87738ed46062300b23a7392c','Anonymous','登录模块','登录验证码','captcha','{}','127.0.0.1',154,'2020-09-05 12:16:23'),('ac8e5a50b0c112965395c03b7bac76ab','admin','数据字典','列表','page','{\"diceCodes\":\"\",\"dictName\":\"\"}','127.0.0.1',76,'2020-03-22 07:58:13'),('acc6e91f7f10113ca7c91e1e2397d631','admin','用户管理','列表','page','{\"limit\":\"10\",\"page\":\"1\"}','127.0.0.1',169,'2020-04-13 06:50:22'),('accdcf7221733dd9cd31bbf9d0db52f9','admin','登录模块','登录验证码','captcha','{}','127.0.0.1',136,'2020-10-24 03:50:32'),('ad6701b3dc9b0c0c665333965078af86','Anonymous','登录模块','登录验证码','captcha','{}','127.0.0.1',114,'2022-06-16 08:42:42'),('ada76fe372b5debcab63533909e1dbed','admin','代码检测','下载检测结果文件','delete','{}','127.0.0.1',151,'2020-09-07 09:33:34'),('adba1adb81d513a509c6506471f5a35c','Anonymous','登录模块','登录验证码','captcha','{}','127.0.0.1',1405,'2020-09-23 07:35:38'),('ade90d02284dc8d50acb94364d4547f8','admin','系统管理','列表','page','{\"limit\":\"10\",\"page\":\"1\"}','127.0.0.1',68,'2020-05-08 02:48:58'),('ae0cd8ec793775b1a2aa1717317b5ec9','admin','用户管理','列表','page','{\"nickName\":\"\",\"roles\":\"\",\"phone\":\"\",\"disable\":\"\",\"limit\":\"10\",\"page\":\"2\",\"username\":\"\"}','127.0.0.1',75,'2020-05-09 10:30:18'),('ae1deee67734401b3b933fdb5cab8c5d','Anonymous','登录模块','登录验证码','captcha','{}','127.0.0.1',44,'2022-06-16 06:43:12'),('ae3f2b2e89b7127815a8c0402736a786','admin','ZzMessage','修改','read','{}','127.0.0.1',9,'2023-06-30 07:18:22'),('ae4342bc553aa5080acb054860861b2e','Anonymous','登录模块','登录验证码','captcha','{}','127.0.0.1',1772,'2020-07-26 08:57:39'),('aea28bf1a9d602f2d03269de92647f09','admin','登录模块','用户登录','login','{}','127.0.0.1',184,'2023-06-29 14:30:53'),('aea7534a050dc7f9643695db1b475187','admin','用户管理','列表','page','{\"limit\":\"10\",\"page\":\"2\"}','127.0.0.1',78,'2020-04-08 07:47:21'),('aeeb26b15329a55ef3c72c5085412118','Anonymous','登录模块','登录验证码','captcha','{}','127.0.0.1',1157,'2020-07-24 07:55:40'),('af2374106de2932dc1b003f98e24612e','admin','用户管理','列表','page','{\"limit\":\"10\",\"page\":\"1\"}','127.0.0.1',207,'2020-05-07 04:37:10'),('af6f40855034b06f346c333f0b785346','admin','登录模块','登录验证码','captcha','{}','127.0.0.1',136,'2020-10-24 03:50:50'),('af7c8b6bf2960ba7fd6065f6f748db75','Anonymous','登录模块','登录验证码','captcha','{}','',1525,'2020-04-21 02:45:42'),('af7cc362bceabffd9e4d5c0118005574','Anonymous','登录模块','登录验证码','captcha','{}','127.0.0.1',1122,'2023-06-29 14:30:52'),('afdbf91fc8245c9970f182960ea2ce2b','Anonymous','登录模块','登录验证码','captcha','{}','127.0.0.1',335,'2020-03-21 08:03:31'),('aff9c363614041bc33cd4934ced9d047','admin','用户管理','列表','page','{\"limit\":\"10\",\"page\":\"1\"}','127.0.0.1',143,'2022-06-16 08:46:58'),('b03fe30eb4794cadbad04c95e644cd82','Anonymous','登录模块','登录验证码','captcha','{}','127.0.0.1',1915,'2022-06-15 05:58:34'),('b05407564b598c2e7594f44623d72e99','admin','系统管理','列表','page','{\"limit\":\"10\",\"page\":\"1\"}','127.0.0.1',55,'2020-10-04 16:56:31'),('b07c8b246a95798a16c4efbeff9713ba','admin','登录模块','用户登录','login','{}','127.0.0.1',467,'2020-03-21 06:43:28'),('b087966ad0204ab0f3d78e88f2621607','Anonymous','登录模块','登录验证码','captcha','{}','192.168.213.1',135,'2020-04-16 07:35:03'),('b0aeeff97abbb4fa09cc479c11d3996c','Anonymous','登录模块','登录验证码','captcha','{}','',2173,'2020-04-24 01:16:33'),('b0b1dcc53ab0a366b29a8fbc884a8df6','admin','ZzMessage','修改','read','{}','127.0.0.1',10,'2023-06-30 07:16:54'),('b0c7825f4b73578acdd42e6b46c6c1a4','admin','ZzMessage','列表','list','{}','127.0.0.1',3,'2023-06-30 06:00:27'),('b1b81733d79ca608e2f72508b1caad99','Anonymous','登录模块','登录验证码','captcha','{}','127.0.0.1',124,'2020-04-16 09:01:35'),('b1ebcc7f2b53ea805b13adcd97c359ca','admin','用户管理','修改','update','{}','127.0.0.1',128,'2020-11-07 17:12:47'),('b1fad04f3e3cae4e80775322facd651e','admin','登录日志管理','日志列表','page','{\"limit\":\"10\",\"page\":\"1\"}','127.0.0.1',61,'2020-04-13 08:02:56'),('b22b0461f0c78cd7bee84f58cc863fdf','admin','用户管理','列表','page','{\"limit\":\"10\",\"page\":\"2\"}','127.0.0.1',94,'2020-04-07 07:01:19'),('b23569f14b75f1a99f9392713d5f3e22','Anonymous','登录模块','登录验证码','captcha','{}','127.0.0.1',1629,'2020-07-30 06:56:54'),('b281a7f3a82a9a5a61365caa374b78b9','admin','ZzMessage','列表','checkMsg','{}','127.0.0.1',24,'2023-06-30 05:59:35'),('b2a58a9f90d28e09c08579ae5ddc63aa','admin','用户管理','列表','page','{\"nickName\":\"\",\"roles\":\"\",\"phone\":\"\",\"disable\":\"\",\"limit\":\"10\",\"page\":\"1\",\"username\":\"\"}','127.0.0.1',180,'2020-11-07 17:12:47'),('b3513e4c8c9e5a537d25f9be2a432fc7','Anonymous','登录模块','登录验证码','captcha','{}','',926,'2020-04-16 07:32:41'),('b3651a6bcc9245e8aabc09a8ee6d256a','admin','登录模块','用户登录','login','{}','127.0.0.1',112,'2023-06-30 00:59:52'),('b3788b16c41738717ec9b4c580f35cb8','admin','机构管理','列表','page','{\"limit\":\"10\",\"page\":\"1\"}','127.0.0.1',99,'2020-04-15 06:54:07'),('b449b55ccf9f9a0b5e51a7ae16a78d34','admin','ZzMessage','修改','read','{}','127.0.0.1',14,'2023-06-30 07:13:33'),('b55b27c9f4072166bc913d286b41a1a9','admin','用户管理','列表','page','{\"limit\":\"10\",\"deptId\":\"OR1200000703\",\"page\":\"1\"}','127.0.0.1',210,'2020-04-21 09:55:10'),('b5773a60bb440fc171967cdbbcf2be22','admin','用户管理','列表','page','{\"limit\":\"10\",\"page\":\"1\"}','127.0.0.1',342,'2020-04-03 14:23:40'),('b5d5687fc8e6c741725ef52bdfeab98f','Anonymous','登录模块','登录验证码','captcha','{\"_\":\"1586246938373\"}','',88,'2020-04-07 08:08:58'),('b5da2fe8954c3f0b8c89a40673bcb6e9','admin','用户管理','列表','page','{\"limit\":\"10\",\"page\":\"1\"}','127.0.0.1',371,'2020-11-07 17:40:33'),('b5e02f4a3f86087b93f3de81a5480e7c','Anonymous','登录模块','登录验证码','captcha','{}','127.0.0.1',1393,'2020-04-21 04:35:54'),('b602ea4de2aefba0bd53c066577280b1','admin','ZzMessage','列表','list','{}','127.0.0.1',22,'2023-06-30 05:52:35'),('b656947c4a2bb22369392a43f9b79a17','Anonymous','登录模块','登录验证码','captcha','{}','',660,'2020-04-20 01:24:42'),('b737019290a786e763d6f5a3fe1f133a','admin','机构管理','新增','save','{}','127.0.0.1',74,'2020-11-07 17:03:58'),('b74e09088c49713aad767514873e09da','admin','登录模块','用户登录','login','{}','127.0.0.1',252,'2020-07-28 08:14:18'),('b85dc42985a55ba9288a2d06ec2a9eb7','admin','机构管理','列表','page','{\"deptId\":\"OR1200000703\",\"limit\":\"10\",\"page\":\"1\"}','127.0.0.1',93,'2020-08-20 09:13:12'),('b881164011f623ec309b6232dfbf985c','admin','ZzMessage','列表','list','{}','127.0.0.1',21,'2023-06-30 05:53:17'),('b88699382f77e531b8a4748f020ddb31','admin','ZzMessage','修改','read','{}','127.0.0.1',11,'2023-06-30 07:12:22'),('b8c7de332838feda9ee8d95897bc0055','admin','ZzMessage','删除','delete','{}','127.0.0.1',14,'2023-06-30 07:14:50'),('b956a9af2f38c4da5968e8891459a3c4','root','角色管理','修改','update','{}','127.0.0.1',22,'2022-06-17 01:14:21'),('b95d703f229b70398fcd0f554cc4575b','Anonymous','登录模块','用户退出','logout','{}','127.0.0.1',97,'2020-05-08 03:51:52'),('b9640eb2249c6dbcce9a59cf11e61402','Anonymous','登录模块','登录验证码','captcha','{}','127.0.0.1',173,'2020-09-02 07:48:59'),('b977b25eb0a1705e8effd3561d4f7a21','admin','ZzMessageMgr','删除','delete','{}','127.0.0.1',8,'2023-06-30 06:34:37'),('b980adfdec01684a29dc66eab0024eab','admin','登录日志管理','登录日志列表','page','{\"limit\":\"10\",\"page\":\"1\"}','127.0.0.1',72,'2020-05-09 10:29:33'),('b9877f1943b35ce907d055391354b974','admin','登录模块','用户登录','login','{}','127.0.0.1',264,'2020-09-03 06:47:21'),('b9af65fb8ec3597f395fc6f37abe36ad','admin','用户管理','修改','update','{}','127.0.0.1',113,'2020-04-08 07:47:36'),('b9bf69522583d9a5a5ea2b95ce6a88e0','Anonymous','登录模块','登录验证码','captcha','{}','127.0.0.1',138,'2020-09-07 09:35:10'),('b9f327d884c29547643b3a3422ac74d3','Anonymous','登录模块','登录验证码','captcha','{}','127.0.0.1',185,'2020-09-03 01:47:36'),('b9f6ed6da3f4a5ae8b84945041a9d51f','admin','ZzMessage','删除','delete','{}','127.0.0.1',15,'2023-06-30 06:45:25'),('ba03966bef0982e8fe04662510233981','admin','ZzMessage','列表','list','{}','127.0.0.1',3,'2023-06-30 06:00:27'),('ba03d676b14c4dfc855af759f493aa1c','Anonymous','登录模块','用户退出','logout','{}','127.0.0.1',119,'2020-09-05 08:56:34'),('ba303f85053f3a614e7c838f092958ab','admin','ZzMessage','列表','list','{}','127.0.0.1',32,'2023-06-30 05:08:08'),('ba7a0314bbbe75ec2d7e83e229a3c851','Anonymous','登录模块','登录验证码','captcha','{}','127.0.0.1',159,'2020-09-02 13:56:30'),('baa7efa39ad4bf29c527fe9f5ed6a022','admin','登录模块','用户登录','login','{}','127.0.0.1',117,'2020-07-27 07:26:03'),('bac40a03985c119272ce722eb84698bd','admin','登录模块','用户登录','login','{}','127.0.0.1',107,'2020-09-05 08:57:08'),('bae4e25c01687bca3a9983d5c13ed64a','admin','ZzMessage','删除','delete','{}','127.0.0.1',12,'2023-06-30 07:14:46'),('bae7e8e1b398a80cc19330f6a5209c93','admin','机构管理','列表','page','{\"limit\":\"10\",\"page\":\"1\"}','127.0.0.1',27,'2020-04-13 08:06:22'),('bb16890181e7dea7ad8023fda8b383cb','admin','机构管理','列表','page','{\"limit\":\"10\",\"page\":\"1\"}','127.0.0.1',28,'2020-05-07 05:43:22'),('bb49350dbd2bc43e2274be1abf93c47a','admin','数据字典','列表','page','{\"diceCodes\":\"\",\"dictName\":\"\"}','127.0.0.1',70,'2020-04-13 08:06:18'),('bb6ba8edebc3e6d8ac26f8d842afe00b','admin','ZzMessage','修改','read','{}','127.0.0.1',6,'2023-06-30 07:21:25'),('bb741a1b26e2b8386b6d516a1a342876','admin','ZzMessage','修改','read','{}','127.0.0.1',10,'2023-06-30 07:12:23'),('bb8c598a7060c10e1257e8515a1edb08','admin','用户管理','列表','page','{\"limit\":\"10\",\"page\":\"1\"}','127.0.0.1',252,'2020-04-07 08:59:31'),('bc21c0a307824c026ee99c5d4daddd7b','admin','ZzMessage','修改','read','{}','127.0.0.1',11,'2023-06-30 07:18:21'),('bc557f3a023062fad6731620079f4af4','admin','用户管理','重置密码','resetPassword','{}','127.0.0.1',40,'2022-06-17 01:13:10'),('bc62a230f2f5001f39606734af4fb4e2','admin','用户管理','列表','page','{\"limit\":\"10\",\"page\":\"1\"}','127.0.0.1',822,'2020-03-21 06:43:57'),('bcad2c6f103f44a5a750052c11765619','admin','用户管理','列表','page','{\"limit\":\"10\",\"page\":\"1\"}','127.0.0.1',392,'2020-05-07 05:44:24'),('bcd2df328ce869447b361f604aa9ebe4','admin','登录模块','用户登录','login','{}','127.0.0.1',401,'2020-04-08 07:16:33'),('bdbc69bf5937fea7780c8c18530c033b','admin','TbOrderInfo','修改','update','{}','127.0.0.1',6,'2023-06-30 07:23:51'),('bdbdba02df29427cba973884a62b4b8b','Anonymous','登录模块','登录验证码','captcha','{}','127.0.0.1',2423,'2020-08-11 02:06:02'),('bdecee81d527cb9ceb9c4436ae899230','admin','用户管理','列表','page','{\"nickName\":\"\",\"roles\":\"\",\"phone\":\"\",\"disable\":\"\",\"limit\":\"10\",\"page\":\"2\",\"username\":\"111\"}','127.0.0.1',60,'2020-05-09 10:30:26'),('be244b9c139aef50f31766056bc2883a','admin','ZzMessage','删除','delete','{}','127.0.0.1',13,'2023-06-30 06:56:54'),('be8c8f273adf5f322e870a98b587cc9a','admin','登录模块','用户登录','login','{}','127.0.0.1',294,'2020-05-09 10:28:05'),('befdaa3bd885e262acad86b28f265092','Anonymous','登录模块','登录验证码','captcha','{}','127.0.0.1',1395,'2020-04-07 08:08:36'),('bf30d346acec3676295ed2a06436e19b','Anonymous','登录模块','登录验证码','captcha','{}','127.0.0.1',158,'2020-09-07 09:35:08'),('bf62cb428bf8d4bd6e7c8da6e7f3b4ad','admin','登录日志管理','日志列表','page','{\"limit\":\"10\",\"page\":\"1\"}','127.0.0.1',23,'2023-06-27 14:18:55'),('bf7653f56d64467d3b6588e12885d491','admin','机构管理','列表','page','{\"deptId\":\"OR1200000647\",\"limit\":\"10\",\"page\":\"1\"}','127.0.0.1',85,'2020-11-07 17:01:56'),('bf81874e5aad30bb47f926ab05a5bd31','admin','用户管理','列表','page','{\"deptId\":\"4444\",\"limit\":\"10\",\"page\":\"1\"}','127.0.0.1',220,'2020-11-07 17:40:34'),('bfe60e52168cc2810dffc9b813c06bc3','admin','ZzMessage','列表','list','{\"limit\":\"10\",\"page\":\"1\"}','127.0.0.1',3,'2023-06-30 06:00:48'),('c03ea479a86e460dbe5fbefdf1aaefca','admin','代码检测','新增','save','{}','127.0.0.1',61,'2020-09-07 09:44:05'),('c0417fd92a9b105990628c45a53d2b53','Anonymous','登录模块','登录验证码','captcha','{}','127.0.0.1',1417,'2020-05-08 07:16:05'),('c09e059bd69b264ec48ae4372ebf27e1','admin','用户管理','列表','page','{\"limit\":\"10\",\"page\":\"1\"}','127.0.0.1',485,'2020-04-17 02:42:46'),('c0cf135d992ce95731084d8ad04717a5','admin','登录模块','用户登录','login','{}','127.0.0.1',308,'2020-05-23 05:36:17'),('c18b26e9ca695cf6ea5aa1379ef7d785','admin','用户管理','列表','page','{\"nickName\":\"\",\"roles\":\"\",\"phone\":\"\",\"disable\":\"\",\"limit\":\"50\",\"page\":\"1\",\"username\":\"\"}','127.0.0.1',176,'2020-11-07 17:13:33'),('c1f2937af4ba5da3ced7593b58a6d193','admin','机构管理','新增','save','{}','127.0.0.1',55,'2020-11-07 17:04:40'),('c29f3f03af715c48fbf669554f67a66a','Anonymous','登录模块','用户退出','logout','{}','127.0.0.1',83,'2020-08-31 02:26:13'),('c2c5b0a2b08ed7c8af2c0fad769f5192','admin','TbOrderInfo','修改','update','{}','127.0.0.1',6,'2023-06-30 07:23:53'),('c31443dd2ef824e39ac0d86f0cfe36c5','admin','用户管理','列表','page','{\"limit\":\"10\",\"page\":\"1\"}','127.0.0.1',230,'2020-05-07 05:37:24'),('c346beb1811cbcc5901aca13bafc0b32','admin','ZzMessage','修改','read','{}','127.0.0.1',9,'2023-06-30 07:26:59'),('c3517aeb2affe00f92f1fa093acad505','admin','系统管理','列表','page','{\"limit\":\"10\",\"page\":\"1\"}','127.0.0.1',57,'2020-05-08 02:15:42'),('c37423425ca316987dc6507d4ffb5b74','admin','系统管理','列表','page','{\"limit\":\"10\",\"page\":\"1\"}','127.0.0.1',31,'2023-06-27 14:27:14'),('c3d51d98af6eec9124870c1d15e5263e','admin','用户管理','列表','page','{\"limit\":\"10\",\"page\":\"1\"}','127.0.0.1',219,'2020-04-16 08:57:52'),('c3d7529763ed88179705e94e95e7711e','admin','系统管理','列表','page','{\"limit\":\"10\",\"page\":\"1\"}','127.0.0.1',88,'2020-09-03 02:21:44'),('c3de9202c9398938bf6b2fd5a88e918f','Anonymous','登录模块','登录验证码','captcha','{}','127.0.0.1',190,'2020-04-07 08:25:50'),('c45ace28d6d5a5a53ee9d8dacd7faba0','admin','登录模块','用户登录','login','{}','127.0.0.1',274,'2020-09-06 04:55:04'),('c485a4aa7b35ec2f22e6806bad8d1d8d','admin','系统管理','列表','page','{\"limit\":\"10\",\"page\":\"1\"}','127.0.0.1',61,'2020-05-08 01:54:49'),('c4d879bf0cec98e715827e9b730eaedc','Anonymous','登录模块','登录验证码','captcha','{}','127.0.0.1',153,'2020-09-05 08:56:35'),('c4e79653a812d410b11005320d2721b6','Anonymous','登录模块','登录验证码','captcha','{}','',2524,'2020-04-16 08:27:50'),('c55ff3b2f6cbec17625bfe8093135f4f','admin','登录模块','用户登录','login','{}','127.0.0.1',405,'2020-05-11 07:50:59'),('c57aad76b321e2b63c535e5fa1757473','admin','用户管理','列表','page','{\"limit\":\"10\",\"page\":\"1\"}','127.0.0.1',297,'2020-04-07 08:09:41'),('c59d7c853d208594c82e091176671b91','admin','机构管理','列表','page','{\"limit\":\"10\",\"page\":\"1\"}','127.0.0.1',30,'2020-11-07 17:01:40'),('c5e9b14aa201e0c145305dacd2967645','admin','ZzMessage','修改','read','{}','127.0.0.1',19,'2023-06-30 07:18:21'),('c6879843815c00e5a3b993f168740fee','admin','用户管理','列表','page','{\"limit\":\"10\",\"page\":\"1\"}','127.0.0.1',233,'2020-04-21 07:32:04'),('c691323daccbba321b4dec170a8e7acd','Anonymous','登录模块','登录验证码','captcha','{}','127.0.0.1',1197,'2020-09-06 07:26:37'),('c6e996715376ae90791eef997990fd7b','admin','用户管理','列表','page','{\"deptId\":\"1325121829601280001\",\"limit\":\"10\",\"page\":\"1\"}','127.0.0.1',21,'2022-06-15 05:40:49'),('c6fef700b13f7aaf2709fbe8827dd528','admin','机构管理','列表','page','{\"deptName\":\"\",\"deptId\":\"OR1200000703\",\"disable\":\"\",\"limit\":\"10\",\"page\":\"1\"}','127.0.0.1',95,'2020-08-20 09:13:53'),('c7136ef24ce9ca0cef827caaa0174207','admin','ZzMessage','修改','read','{}','127.0.0.1',9,'2023-06-30 07:18:22'),('c7bcccbee0dd78f2f71f1d3667f09d61','admin','机构管理','列表','page','{\"limit\":\"10\",\"page\":\"1\"}','127.0.0.1',29,'2020-10-27 09:14:55'),('c811b45073be45f68afc8a182d2d7f30','admin','ZzMessage','修改','read','{}','127.0.0.1',10,'2023-06-30 07:18:22'),('c812a5e20dd9d3a8d7ff0ee5c7d3e363','admin','代码检测','新增','save','{}','127.0.0.1',66,'2020-09-06 22:11:43'),('c8420214d4344d0144eebbfd07abf126','admin','机构管理','列表','page','{\"limit\":\"10\",\"page\":\"1\"}','127.0.0.1',27,'2020-08-12 01:51:12'),('c8b6a3ec34dca333fe0e927487410001','admin','登录日志管理','日志列表','page','{\"limit\":\"10\",\"page\":\"1\"}','127.0.0.1',64,'2020-04-13 07:56:18'),('c9084a60213c8cacd13dd0f6923a26ac','admin','登录模块','用户登录','login','{}','127.0.0.1',416,'2020-05-18 07:37:28'),('c91aca6558a67a6857679add3dc77729','admin','用户管理','列表','page','{\"limit\":\"10\",\"page\":\"1\"}','127.0.0.1',295,'2020-07-24 07:55:47'),('c96d64501d5e2fb25c4a53b2bef7b78c','admin','登录模块','用户登录','login','{}','127.0.0.1',376,'2020-04-21 10:06:48'),('c9d7fa4bb475a737881c339ced66156a','admin','用户管理','列表','page','{\"nickName\":\"1212\",\"roles\":\"1111\",\"phone\":\"1221\",\"disable\":\"\",\"limit\":\"10\",\"page\":\"1\",\"username\":\"111\"}','127.0.0.1',56,'2020-05-09 10:31:22'),('c9e48e46971b6c807afb26158db99419','admin','用户管理','列表','page','{\"limit\":\"10\",\"page\":\"1\"}','127.0.0.1',181,'2020-04-13 02:31:10'),('ca61eaae10a0167d7867b5afe37ed551','admin','登录日志管理','日志列表','page','{\"limit\":\"10\",\"page\":\"1\"}','127.0.0.1',15,'2022-06-15 05:40:19'),('ca763d3b913d60640ac9ae527c81842d','admin','ZzMessage','删除','delete','{}','127.0.0.1',12,'2023-06-30 06:56:53'),('ca7a1d1cf67e5a4b48c44acd6f6c91c1','admin','机构管理','列表','page','{\"deptName\":\"\",\"disable\":\"\",\"limit\":\"10\",\"page\":\"1\"}','127.0.0.1',25,'2020-11-07 17:03:59'),('cb1a5b14dc66d7254943e9245c1c51f3','admin','登录模块','用户登录','login','{}','127.0.0.1',317,'2020-09-02 06:59:34'),('cb5940458b46edf00bf3150ed032fcc9','admin','用户管理','导出','export','{\"nickName\":\"\",\"roles\":\"\",\"phone\":\"\",\"disable\":\"\",\"username\":\"111\"}','127.0.0.1',150,'2020-05-09 10:30:51'),('cc0a219ebd093f4b0e6ed4fc685ce286','admin','ZzMessage','修改','read','{}','127.0.0.1',8,'2023-06-30 07:27:01'),('cc1a91144853b59a40023bb1db3ab374','admin','ZzMessage','修改','read','{}','127.0.0.1',5,'2023-06-30 07:21:46'),('cd1a912e7b7f8fe8a1ea62cb0e513b36','Anonymous','登录模块','用户退出','logout','{}','127.0.0.1',5,'2022-06-17 01:13:12'),('cd666f16e0414434af606abffc6a6db7','admin','数据字典','列表','page','{\"diceCodes\":\"\",\"dictName\":\"\"}','127.0.0.1',57,'2020-04-13 07:55:58'),('cd68d7948ee3963a5286e74f8578bcc1','admin','ZzMessage','修改','read','{}','127.0.0.1',23,'2023-06-30 07:07:26'),('cd69dfda1560582477c23d3d8697ff3e','admin','ZzMessage','修改','read','{}','127.0.0.1',6,'2023-06-30 07:21:45'),('cd8f57bce4225c45b6088a295b168b5f','admin','ZzMessage','删除','delete','{}','127.0.0.1',23,'2023-06-30 06:56:51'),('cdd21fdf937a4952860d81c839187fea','admin','ZzMessage','修改','read','{}','127.0.0.1',5,'2023-06-30 07:21:45'),('ce20c118a44b282fa0e7bec8ee6b6696','admin','用户管理','列表','page','{\"deptId\":\"1325122003077693442\",\"limit\":\"10\",\"page\":\"1\"}','127.0.0.1',18,'2022-06-15 05:40:49'),('ce44b5325a62e1c0ac33a807cbf0927d','admin','机构管理','列表','page','{\"deptName\":\"东莞分公司\",\"deptId\":\"OR1200000703\",\"disable\":\"\",\"limit\":\"10\",\"page\":\"1\"}','127.0.0.1',89,'2020-08-20 09:13:33'),('ceb57ae89d57c17ba7617c06f7df126d','admin','代码检测','下载检测结果文件','delete','{}','127.0.0.1',148,'2020-09-06 21:52:49'),('cece0d828b6d793951a5c10b0a8ed986','admin','登录模块','用户登录','login','{}','127.0.0.1',97,'2020-09-03 02:22:31'),('cf0a792fdd9417f4308a95d501f70009','admin','用户管理','用户模板','template','{}','127.0.0.1',171,'2022-06-16 15:39:19'),('cf2a8b2159af017fd2697965eeb26820','Anonymous','登录模块','登录验证码','captcha','{}','127.0.0.1',2012,'2020-05-07 04:32:21'),('cf4b587d0779c85711cf30f0396e533c','admin','登录模块','用户登录','login','{}','127.0.0.1',69,'2023-06-27 16:03:03'),('cf9c9c21352df927d1def593e9b5717a','admin','登录模块','用户登录','login','{}','127.0.0.1',182,'2020-09-03 01:47:42'),('cfa80ec8fcfa1eae7f6940c963566cd1','admin','用户管理','修改','update','{}','127.0.0.1',117,'2020-11-07 17:13:20'),('cffbd3e7502d07fcdf4f18acdfe7b440','admin','用户管理','列表','page','{\"limit\":\"10\",\"page\":\"1\"}','127.0.0.1',50,'2023-06-26 07:32:08'),('d09e454d4038bde20bfaa85a5f0bd168','admin','用户管理','修改','update','{}','127.0.0.1',127,'2020-04-08 07:33:17'),('d0c68f30949c10b09164430d446b5985','admin','用户管理','列表','page','{\"limit\":\"10\",\"page\":\"1\"}','127.0.0.1',49,'2023-06-26 07:32:17'),('d0ff7c2ee605785af2745acf80898235','admin','机构管理','列表','page','{\"deptName\":\"\",\"disable\":\"\",\"limit\":\"10\",\"page\":\"1\"}','127.0.0.1',35,'2020-11-07 17:06:03'),('d12538b55f6fddf3c4c258927c322040','Anonymous','登录模块','登录验证码','captcha','{}','127.0.0.1',188,'2020-05-07 05:37:11'),('d13a42648ba5bd7b62fe58f2a09afceb','admin','系统管理','列表','page','{\"limit\":\"10\",\"page\":\"1\"}','127.0.0.1',47,'2020-10-27 09:01:24'),('d144c4184580594d1de48eb1b7ea42c3','Anonymous','登录模块','登录验证码','captcha','{}','127.0.0.1',810,'2020-07-27 06:07:49'),('d178b7b9a5ec1919754d243c22aa92b9','admin','登录日志管理','日志列表','page','{\"limit\":\"10\",\"page\":\"1\"}','127.0.0.1',75,'2020-04-16 08:43:36'),('d17a6302ac7ded08e00227f0d92298e6','Anonymous','登录模块','登录验证码','captcha','{}','127.0.0.1',201,'2020-09-02 07:43:01'),('d1cda26acbf02506281f6a2eac958da6','Anonymous','登录模块','登录验证码','captcha','{}','127.0.0.1',193,'2020-04-21 10:07:39'),('d26cf24dde5aa013fe211e11e5b51526','admin','用户管理','列表','page','{\"limit\":\"10\",\"page\":\"1\"}','127.0.0.1',222,'2020-05-18 07:38:12'),('d2a2323a09a6dd01a3b13386171dcb8a','Anonymous','登录模块','登录验证码','captcha','{}','127.0.0.1',1496,'2020-09-06 04:55:02'),('d2e9a8f7ab66afc28d3fc8673046ec45','admin','用户管理','修改','update','{}','127.0.0.1',120,'2020-11-07 17:13:02'),('d2eb4e6f177a4aee4f36dcd661ad239c','admin','菜单管理','删除','delete','{}','127.0.0.1',473,'2020-08-01 06:45:51'),('d3113a9fe7fa4d0240af046836567d6d','admin','机构管理','列表','page','{\"limit\":\"10\",\"page\":\"1\"}','127.0.0.1',38,'2020-11-07 17:03:33'),('d31a1eef4d5bbd636094d91d9ec2914a','Anonymous','登录模块','登录验证码','captcha','{}','127.0.0.1',1735,'2020-05-09 10:28:04'),('d38f879377405c8f07758479968cbaf5','admin','角色管理','修改','update','{}','127.0.0.1',192,'2020-04-21 10:29:19'),('d3abab191503fc5542516dfd8b8a6b4d','admin','用户管理','修改','update','{}','127.0.0.1',122,'2020-11-07 17:12:54'),('d403e9b575115259aa751c8785cdc208','admin','ZzMessage','修改','read','{}','127.0.0.1',7,'2023-06-30 07:27:00'),('d461b2b89c86dd4691cc24c44e7da5b3','admin','登录模块','用户登录','login','{}','127.0.0.1',92,'2020-04-16 09:01:37'),('d4ee806dd26367be3aa3b8658d048942','Anonymous','登录模块','登录验证码','captcha','{}','127.0.0.1',958,'2020-05-06 15:13:12'),('d5080c095f619ce19f5337f2a8391e15','admin','用户管理','列表','page','{\"limit\":\"10\",\"page\":\"1\"}','127.0.0.1',343,'2020-04-08 07:16:39'),('d52aeec0a548530045ef605c14216161','admin','用户管理','列表','page','{\"limit\":\"10\",\"page\":\"1\"}','127.0.0.1',81,'2023-06-26 07:32:05'),('d52afbf972432304ce5748dc77bd18fa','Anonymous','登录模块','登录验证码','captcha','{}','127.0.0.1',1413,'2020-09-06 13:20:21'),('d5623f1f0e80570453478033d66c358a','Anonymous','登录模块','登录验证码','captcha','{}','127.0.0.1',179,'2020-09-03 01:46:19'),('d57ba801c8d2a040400c82281710e817','Anonymous','登录模块','登录验证码','captcha','{}','127.0.0.1',160,'2020-09-05 08:32:51'),('d5af5575b896b7f9b0e1946ed928b918','admin','用户管理','列表','page','{\"limit\":\"10\",\"page\":\"1\"}','127.0.0.1',830,'2020-05-06 15:13:27'),('d5df923427a29966851aed82922a1003','Anonymous','登录模块','登录验证码','captcha','{}','127.0.0.1',2732,'2020-04-17 03:48:56'),('d5ff739874817515016afee9e09fc24e','admin','机构管理','列表','page','{\"deptId\":\"OR1200000648\",\"limit\":\"10\",\"page\":\"1\"}','127.0.0.1',92,'2020-05-18 07:40:40'),('d61d5a07f0a2f42701a8a7cde180afb2','Anonymous','登录模块','登录验证码','captcha','{}','127.0.0.1',180,'2020-09-03 02:22:29'),('d637a7ba2df71a82ed7a1f938f9b448d','admin','用户管理','列表','page','{\"limit\":\"10\",\"page\":\"1\"}','127.0.0.1',155,'2020-04-13 07:25:11'),('d65c544c1fd293dd1b6711dd0461ee31','Anonymous','登录模块','登录验证码','captcha','{}','127.0.0.1',23,'2022-06-16 08:45:14'),('d69940d30fd37d7f7652c73d3234eba4','admin','登录模块','用户登录','login','{}','127.0.0.1',296,'2020-09-05 08:56:23'),('d6e3afdfafab49981e864fc0e1d6aacb','admin','ZzMessage','修改','read','{}','127.0.0.1',6,'2023-06-30 07:27:00'),('d886bfe36da9d72fc57198b3d2bd1eb4','admin','TbCustomer','修改','update','{}','127.0.0.1',28,'2023-06-27 15:17:21'),('d8e060aca2503da140d1f495fa3eeebe','admin','登录日志管理','日志列表','page','{\"limit\":\"10\",\"page\":\"1\"}','127.0.0.1',60,'2020-03-16 09:38:36'),('d8e328d35742cfc775d039dc53ea9a86','admin','登录模块','用户登录','login','{}','127.0.0.1',154,'2023-06-29 18:44:44'),('d9373b4058d210926ded6fcf93f199ce','admin','ZzMessage','修改','read','{}','127.0.0.1',11,'2023-06-30 07:19:56'),('d95a60d67cb2c40460e39e3ddcfe4ee1','admin','用户管理','列表','page','{\"limit\":\"10\",\"page\":\"1\"}','127.0.0.1',226,'2020-04-16 09:03:36'),('d9beae76366ae47e777ccb299c81cd70','admin','登录日志管理','登录日志列表','page','{\"limit\":\"10\",\"page\":\"1\"}','127.0.0.1',68,'2020-10-24 03:56:55'),('da01be62c9385f8f0b0def39248f2eec','admin','登录日志管理','登录日志列表','page','{\"limit\":\"10\",\"page\":\"1\"}','127.0.0.1',72,'2020-04-16 08:43:39'),('daa5be45daffb4df4f60a627aa15a11c','admin','用户管理','列表','page','{\"limit\":\"10\",\"page\":\"1\"}','127.0.0.1',157,'2020-04-13 06:53:32'),('daff5f96edf283b42d05d846179c168e','admin','用户管理','列表','page','{\"nickName\":\"\",\"roles\":\"\",\"phone\":\"\",\"disable\":\"\",\"limit\":\"10\",\"page\":\"1\",\"username\":\"\"}','127.0.0.1',172,'2020-11-07 17:13:02'),('db137d2ffd21a3e31e0631d738535f82','admin','用户管理','列表','page','{\"nickName\":\"\",\"roles\":\"\",\"deptId\":\"4444\",\"phone\":\"\",\"disable\":\"\",\"limit\":\"10\",\"page\":\"1\",\"username\":\"\"}','127.0.0.1',183,'2020-11-07 17:41:08'),('db374688f9605ed35a2a0a72616240ba','admin','ZzMessage','列表','checkMsg','{}','127.0.0.1',3,'2023-06-30 05:59:55'),('dc032f4fa35e260fd5646960fcd53426','admin','ZzMessage','修改','read','{}','127.0.0.1',10,'2023-06-30 07:12:23'),('dccc73e2abe768e76c096a209651b097','admin','登录模块','用户登录','login','{}','127.0.0.1',298,'2020-09-08 16:16:18'),('dd0406c36e849f98ab307ff5ca326fda','admin','数据字典','列表','page','{\"diceCodes\":\"\",\"dictName\":\"\"}','127.0.0.1',63,'2020-11-07 17:42:45'),('dd4275b789c4677b26fbb014b09bcba9','admin','机构管理','列表','page','{\"limit\":\"10\",\"page\":\"1\"}','127.0.0.1',132,'2020-05-11 07:52:06'),('dd45e336ea9227c9cd9bb07cce6eb20c','admin','用户管理','列表','page','{\"limit\":\"10\",\"page\":\"1\"}','127.0.0.1',704,'2020-04-16 08:26:35'),('dd4dbe946f1c83ce672b244bb170f2b5','admin','机构管理','列表','page','{\"limit\":\"10\",\"page\":\"1\"}','127.0.0.1',25,'2020-04-07 08:26:26'),('dd84ae948466668f22e1d57b813c38a0','admin','用户管理','列表','page','{\"limit\":\"10\",\"page\":\"1\"}','127.0.0.1',207,'2020-04-17 03:49:45'),('ddde63f3f1833f8f1feb77da5ebdcde1','admin','登录模块','用户登录','login','{}','127.0.0.1',82,'2020-04-07 08:25:52'),('de0661d43c8f5560fcdb62da370a8c4b','Anonymous','登录模块','登录验证码','captcha','{}','127.0.0.1',130,'2020-09-02 07:48:59'),('de6d67703133db7da25f03db409cefb9','admin','ZzMessageMgr','删除','delete','{}','127.0.0.1',3,'2023-06-30 06:37:15'),('dedc65b30d0b9fa99da16da2c8c91a94','admin','用户管理','列表','page','{\"nickName\":\"\",\"roles\":\"\",\"phone\":\"\",\"disable\":\"\",\"limit\":\"10\",\"page\":\"2\",\"username\":\"111\"}','127.0.0.1',56,'2020-05-09 10:30:41'),('dee684cb63b2cc3af139aeba51c2753d','admin','机构管理','列表','page','{\"limit\":\"10\",\"page\":\"1\"}','127.0.0.1',208,'2020-04-15 07:13:34'),('df3aabe7d8bd02e6aad6772d2880cce9','admin','ZzMessage','修改','read','{}','127.0.0.1',12,'2023-06-30 07:16:53'),('df63a50b47b7d687014e77b7725157ae','Anonymous','登录模块','登录验证码','captcha','{}','127.0.0.1',1222,'2020-09-06 12:58:00'),('df7604e8661a546b56e056dfde4eb3b0','admin','机构管理','列表','page','{\"deptId\":\"OR1200000724\",\"limit\":\"10\",\"page\":\"1\"}','127.0.0.1',91,'2020-05-18 07:40:41'),('df7cdd848c1cff73cee1312ed54d4c1f','admin','用户管理','列表','page','{\"nickName\":\"111\",\"roles\":\"\",\"phone\":\"\",\"disable\":\"\",\"limit\":\"10\",\"page\":\"2\",\"username\":\"\"}','127.0.0.1',53,'2020-05-09 10:30:21'),('dfaef1e545b1ae23579f14c45e869fb4','Anonymous','登录模块','登录验证码','captcha','{}','127.0.0.1',2305,'2022-06-17 01:13:14'),('dfed8ef3ad4cce9c91b1ef8ab42fe51f','admin','ZzMessage','修改','read','{}','127.0.0.1',7,'2023-06-30 07:21:46'),('dfffa93ac131c984fd5a37202216ee01','admin','ZzMessage','删除','delete','{}','127.0.0.1',16,'2023-06-30 06:52:08'),('e0370487c6f1d1ea6f21196b6ca44642','admin','登录模块','用户登录','login','{}','127.0.0.1',268,'2020-04-07 10:02:03'),('e0462e1ebb08d23690749687017c6752','Anonymous','登录模块','登录验证码','captcha','{}','127.0.0.1',125,'2020-08-31 02:26:13'),('e0739ebfc45036ef45336fbdfa74c94f','admin','ZzMessage','修改','read','{}','127.0.0.1',10,'2023-06-30 07:16:53'),('e07500e58b8fb24d87c9227d73a3412e','admin','用户管理','列表','page','{\"limit\":\"10\",\"page\":\"1\"}','127.0.0.1',91,'2023-06-27 14:20:52'),('e0bcf71397055f9aa7ab0bff145e1e64','admin','用户管理','列表','page','{\"nickName\":\"1111\",\"roles\":\"\",\"phone\":\"\",\"disable\":\"\",\"limit\":\"10\",\"page\":\"2\",\"username\":\"\"}','127.0.0.1',43,'2020-05-09 10:30:14'),('e0fa927659248c981ee4b269c95cc467','admin','登录日志管理','登录日志列表','page','{\"limit\":\"10\",\"page\":\"1\"}','127.0.0.1',80,'2020-05-07 05:48:23'),('e1426f63e448e09b6be2362f31f5627a','Anonymous','登录模块','登录验证码','captcha','{}','127.0.0.1',71,'2022-06-16 08:44:59'),('e193f87e359edbae5810b8c702df89bb','admin','ZzMessage','列表','list','{}','127.0.0.1',32,'2023-06-30 05:22:25'),('e1ce336f19244a10de64955537577226','admin','机构管理','列表','page','{\"limit\":\"10\",\"page\":\"1\"}','127.0.0.1',26,'2020-04-07 07:01:25'),('e281c3fea63ae6afb65f7cc3f7c70f86','admin','ZzMessage','修改','read','{}','127.0.0.1',9,'2023-06-30 07:16:52'),('e2b360c6ff99676027810a6598409975','admin','登录模块','用户登录','login','{}','127.0.0.1',224,'2020-10-24 03:51:27'),('e2c03e1e6324cc3806e26954ddafe616','admin','用户管理','列表','page','{\"limit\":\"10\",\"page\":\"1\"}','127.0.0.1',265,'2020-05-07 05:44:26'),('e304b3a29872a830c034fc16e45b4f9e','Anonymous','登录模块','用户退出','logout','{}','127.0.0.1',3,'2022-06-16 08:44:13'),('e32268997966d7c7d08745dd33432b28','admin','ZzMessageMgr','删除','delete','{}','127.0.0.1',13,'2023-06-30 06:37:13'),('e3e4e7d2a0dec6ec9f2a00f588dea158','admin','登录模块','用户登录','login','{}','127.0.0.1',415,'2020-04-20 07:30:18'),('e4494f27145879b3a0de58696298c607','admin','ZzMessage','删除','delete','{}','127.0.0.1',17,'2023-06-30 07:14:42'),('e4b18583b1f27e651bd1174fd230947e','root','用户管理','列表','page','{\"phone\":\"\",\"nickName\":\"\",\"disable\":\"\",\"roles\":\"\",\"limit\":\"10\",\"deptId\":\"1325121829601280001\",\"page\":\"1\",\"username\":\"\"}','127.0.0.1',22,'2022-06-17 01:14:10'),('e4e833af08f2ddfd20aec5930c94b773','admin','用户管理','列表','page','{\"nickName\":\"\",\"roles\":\"\",\"deptId\":\"1325122003077693442\",\"phone\":\"\",\"disable\":\"\",\"limit\":\"50\",\"page\":\"1\",\"username\":\"\"}','127.0.0.1',104,'2020-11-07 17:14:18'),('e561eec923377f1ced7246412856e355','admin','机构管理','列表','page','{\"deptName\":\"\",\"disable\":\"\",\"limit\":\"10\",\"page\":\"1\"}','127.0.0.1',29,'2020-11-07 17:06:03'),('e56668c00bbf9ee1fdce80f42a960b69','admin','数据字典','导出','export','{\"diceCodes\":\"\",\"dictName\":\"\"}','127.0.0.1',437,'2020-07-24 07:55:57'),('e57089aae9c3115d69059538b88eb954','admin','ZzMessageMgr','删除','delete','{}','127.0.0.1',4,'2023-06-30 06:34:39'),('e6181ecef4ca08215b79cf3e1a819363','admin','代码检测','新增','save','{}','127.0.0.1',69,'2020-09-06 13:23:27'),('e655ba3670ec713bff073f3d7ec56bf2','admin','登录模块','用户登录','login','{}','127.0.0.1',385,'2020-08-12 01:50:58'),('e6bf9b570b54ca4850b11ac002311eea','admin','代码检测','下载检测结果文件','delete','{}','127.0.0.1',160,'2020-09-07 09:33:31'),('e6e0d1a41edec1e5df47bab3616692b3','admin','ZzMessage','列表','list','{}','127.0.0.1',2,'2023-06-30 06:00:28'),('e717a46b07eea08cddd62531c4052a9b','admin','ZzMessageMgr','删除','delete','{}','127.0.0.1',4,'2023-06-30 06:37:13'),('e774ff8f462ad254a10227bdd0761485','admin','demo','删除','delete','{}','127.0.0.1',8,'2022-06-16 18:15:06'),('e779bcc6db0d368cf7d2c0d1893122d1','admin','代码检测','新增','save','{}','127.0.0.1',95,'2020-09-06 13:14:00'),('e799dcf516d733cbcd0a6c9b2e69d570','admin','登录模块','用户登录','login','{}','127.0.0.1',15,'2022-06-17 01:14:40'),('e7c6f847215eec2c1df915d907773c9f','admin','用户管理','列表','page','{\"limit\":\"10\",\"page\":\"1\"}','127.0.0.1',150,'2020-03-16 08:03:43'),('e821fca384be01ed1ad04c6a88ac56c9','admin','代码检测','新增','save','{}','127.0.0.1',63,'2020-09-07 09:27:51'),('e8eb5fd9801e5dcf79e59eba677332d9','admin','ZzMessage','列表','checkMsg','{}','127.0.0.1',3,'2023-06-30 06:00:44'),('e90c99e5f9b47c415e11454c60c4fa75','admin','数据字典','列表','page','{\"diceCodes\":\"\",\"dictName\":\"\"}','127.0.0.1',90,'2020-04-21 04:36:02'),('e953e733716ec48afc8f12e2278bc1b7','admin','登录模块','用户登录','login','{}','127.0.0.1',296,'2020-09-06 07:26:37'),('e991546d6c39d391187e5d08e0ac8fd0','admin','机构管理','列表','page','{\"deptId\":\"OR1200000722\",\"limit\":\"10\",\"page\":\"1\"}','127.0.0.1',92,'2020-05-18 07:40:40'),('e9a748a0162f2893ca43229f811ab3dd','admin','角色管理','修改','update','{}','127.0.0.1',37683,'2020-04-21 10:12:09'),('ea23611aa0fa18f675a3c830585e50a8','admin','系统管理','列表','page','{\"limit\":\"10\",\"page\":\"1\"}','127.0.0.1',78,'2020-04-15 06:54:01'),('eabee62f46d119eaedc5aacd97ea078f','Anonymous','登录模块','登录验证码','captcha','{}','127.0.0.1',1425,'2020-09-06 10:05:32'),('eb25b23247900a4f3fc659752fab80d3','admin','TbOrderInfo','修改','update','{}','127.0.0.1',14,'2023-06-29 22:31:04'),('eb58a13a80bd4ac23d38874504eb8fa9','admin','ZzMessage','修改','read','{}','127.0.0.1',12,'2023-06-30 07:14:41'),('eb7e0abd9f24fd9024e6ba89149a3771','admin','机构管理','列表','page','{\"deptName\":\"\",\"disable\":\"\",\"limit\":\"10\",\"page\":\"1\"}','127.0.0.1',24,'2020-11-07 17:09:58'),('ebb543c7e8c96e91f5ca4bd3b5b4ba0e','admin','用户管理','列表','page','{\"limit\":\"10\",\"page\":\"1\"}','127.0.0.1',165,'2020-04-13 07:25:28'),('ebbe9e9a5b9b8a2d69620d682e7293ab','admin','登录模块','用户登录','login','{}','127.0.0.1',406,'2020-04-20 01:24:45'),('ebcd2e0cf9a3e0061003b0cb2f84a8fa','admin','用户管理','列表','page','{\"limit\":\"10\",\"page\":\"1\"}','127.0.0.1',317,'2020-04-21 03:42:36'),('ec6c22bc7f8d6819ba0675ee480bdb8c','admin','用户管理','列表','page','{\"limit\":\"10\",\"page\":\"1\"}','127.0.0.1',234,'2020-11-07 16:58:19'),('ecf9d4462eaed41df5fa590a2b909cce','admin','登录模块','用户登录','login','{}','127.0.0.1',419,'2022-06-16 06:42:42'),('ed974b55e9d9b1c30de1e7ad75ee2f40','Anonymous','登录模块','登录验证码','captcha','{}','',1846,'2020-04-21 10:06:47'),('ed989d3b31686f2970508a4c5c12acc2','admin','登录模块','用户登录','login','{}','127.0.0.1',383,'2020-04-21 02:45:42'),('edacd5240a9c8180fc75be30be516f12','Anonymous','登录模块','登录验证码','captcha','{}','127.0.0.1',1819,'2020-04-21 09:51:42'),('edad6a6e38ae8c5fe54fe429b9726983','Anonymous','登录模块','登录验证码','captcha','{}','127.0.0.1',834,'2023-06-28 09:12:42'),('edd36055f725715d57c35bba01608c92','admin','用户管理','列表','page','{\"limit\":\"10\",\"page\":\"1\"}','127.0.0.1',154,'2020-04-07 07:01:21'),('edef2829810d3d59e95c4e0292f376e8','admin','用户管理','列表','page','{\"limit\":\"10\",\"page\":\"1\"}','127.0.0.1',267,'2020-08-20 09:10:03'),('ee8fe2f273fcf80d5c2ea47ab799263b','admin','用户管理','列表','page','{\"limit\":\"10\",\"page\":\"1\"}','127.0.0.1',319,'2020-08-12 01:51:06'),('eeaa1fb67981b387e8656c089172a1c7','Anonymous','登录模块','登录验证码','captcha','{}','127.0.0.1',1122,'2020-10-24 03:56:48'),('eecc904c9544290cb8f127f68dd5c516','admin','数据字典','列表','page','{\"diceCodes\":\"\",\"dictName\":\"\"}','127.0.0.1',57,'2020-09-03 02:21:42'),('eef96512b253202cac43da7ebf1647ae','admin','用户管理','列表','page','{\"limit\":\"10\",\"page\":\"1\"}','127.0.0.1',159,'2020-03-16 07:13:07'),('ef9ab929929b0c8c4701cf341d7b482e','admin','登录模块','用户登录','login','{}','127.0.0.1',285,'2020-04-21 08:29:09'),('efcf3dd7489293f59ba487c4e2c6324b','admin','ZzMessage','删除','delete','{}','127.0.0.1',15,'2023-06-30 07:14:48'),('efe4245944132072e3912ea1afb917a5','admin','TbCustomer','修改','update','{}','127.0.0.1',52,'2023-06-28 10:58:43'),('f04a6bb36fb7fc252c35062aa54d371e','Anonymous','登录模块','用户退出','logout','{}','127.0.0.1',3,'2022-06-17 01:13:20'),('f052fafb34bc286af6472139ce49f0a0','admin','用户管理','列表','page','{\"limit\":\"10\",\"page\":\"1\"}','127.0.0.1',51,'2023-06-27 14:21:00'),('f06ef61a3c66610768c4efe55b19cf24','admin','登录模块','用户登录','login','{}','127.0.0.1',405,'2020-05-08 01:32:25'),('f0d4f1c7fa87dea4ebada6c4782936fc','Anonymous','查询用户列表','openApi','userList','{\"id\":\"0\"}','127.0.0.1',65,'2020-09-06 22:21:05'),('f0e983f1cc78fd9abac5828651db1a9c','admin','TbCustomer','修改','update','{}','127.0.0.1',33,'2023-06-28 09:14:39'),('f1088cd69edac550cfed199005e8fa0f','Anonymous','登录模块','登录验证码','captcha','{}','127.0.0.1',1117,'2020-09-07 09:35:06'),('f1d3dbcb35c9e661fe54f96108f6e4e1','admin','登录模块','用户登录','login','{}','127.0.0.1',352,'2020-04-03 14:23:34'),('f2565d4e0ccf38bbae17d871cec81069','admin','登录日志管理','登录日志列表','page','{\"limit\":\"10\",\"page\":\"1\"}','127.0.0.1',63,'2020-04-13 08:03:01'),('f2a0cff4a47da7918de8cc79357b9f7e','admin','机构管理','列表','page','{\"limit\":\"10\",\"page\":\"1\"}','127.0.0.1',19,'2022-06-15 09:39:01'),('f2ba32e6df7737c70499e41a427680f2','admin','机构管理','列表','page','{\"deptId\":\"OR1200000647\",\"limit\":\"10\",\"page\":\"1\"}','127.0.0.1',109,'2020-05-18 07:40:39'),('f2f117e7ab0bc709517e45e6d40ef1f7','admin','DemoTest','删除','delete','{}','127.0.0.1',4,'2022-06-17 00:48:04'),('f2f572e4d1fb81acd55e4dc69526322c','Anonymous','登录模块','登录验证码','captcha','{}','127.0.0.1',161,'2020-04-17 02:18:01'),('f2fe622614922780d0599af410740d91','admin','TbOrderInfo','修改','update','{}','127.0.0.1',14,'2023-06-29 22:31:05'),('f30f69ad288202afffefd624d77b7aa1','admin','系统管理','列表','page','{\"limit\":\"10\",\"page\":\"1\"}','127.0.0.1',9,'2022-06-17 01:07:09'),('f328e74f1a0a1d62350dbc7cc819c5b2','admin','代码生成','新增','save','{}','127.0.0.1',198,'2020-09-08 08:37:47'),('f3369d7f7df96357584c712091e0c4c5','admin','机构管理','列表','page','{\"limit\":\"10\",\"page\":\"1\"}','127.0.0.1',38,'2020-05-07 05:46:22'),('f363b42619519809fa804718520c83fa','admin','用户管理','列表','page','{\"limit\":\"10\",\"page\":\"2\"}','127.0.0.1',103,'2020-05-07 04:36:47'),('f389bf6620217cf589d3199ba9762b51','admin','登录模块','用户登录','login','{}','127.0.0.1',344,'2020-05-07 04:32:22'),('f3947af4c4a6aead13a06ab73ede4da1','admin','机构管理','列表','page','{\"limit\":\"10\",\"page\":\"1\"}','127.0.0.1',183,'2020-11-07 17:02:33'),('f459e160566f71ca225e0ab9f7a910a5','admin','登录日志管理','日志列表','page','{\"limit\":\"10\",\"page\":\"1\"}','127.0.0.1',65,'2020-04-13 07:47:43'),('f47a1ce144432b67979342f74f60be11','admin','登录模块','用户登录','login','{}','127.0.0.1',23,'2022-06-16 08:44:27'),('f4d824cec9629d2302a86ce34c4150d3','Anonymous','登录模块','登录验证码','captcha','{}','127.0.0.1',5438,'2022-06-15 16:51:18'),('f4f8fc2890bf58a6532c8fd0d79e1edf','admin','登录模块','用户登录','login','{}','127.0.0.1',349,'2020-04-21 07:38:44'),('f5721adb8a6be7cacde6a0cb34c445a7','admin','机构管理','列表','page','{\"deptId\":\"OR1200000703\",\"limit\":\"10\",\"page\":\"1\"}','127.0.0.1',92,'2020-05-18 07:40:37'),('f5b100e68cc19807269105666bc9d0ce','Anonymous','登录模块','登录验证码','captcha','{}','127.0.0.1',1606,'2020-04-15 06:53:54'),('f5b10ca35e8988d50810e6daefd68345','admin','用户管理','列表','page','{\"limit\":\"10\",\"page\":\"1\"}','127.0.0.1',91,'2023-06-28 09:32:20'),('f5c1dd24f6eded5ebce12cdf0a147e0a','admin','数据字典','列表','page','{\"diceCodes\":\"\",\"dictName\":\"\"}','127.0.0.1',55,'2020-10-04 16:56:29'),('f5ed3756ea2addb9f0d6733fb66c8d36','admin','系统管理','列表','page','{\"limit\":\"10\",\"page\":\"1\"}','127.0.0.1',68,'2020-05-08 03:18:20'),('f62c41eaf11538c5ee1e1046592d0fd3','admin','用户管理','列表','page','{\"limit\":\"10\",\"page\":\"1\"}','127.0.0.1',233,'2020-04-13 07:55:48'),('f62f0a332ebd8699a8bebb8e92b6f426','admin','登录日志管理','登录日志列表','page','{\"limit\":\"10\",\"page\":\"1\"}','127.0.0.1',74,'2020-04-13 08:04:23'),('f65ae977e5320b4c65231c3c9e7e1c03','admin','用户管理','列表','page','{\"nickName\":\"\",\"roles\":\"\",\"phone\":\"\",\"disable\":\"\",\"limit\":\"10\",\"page\":\"2\",\"username\":\"\"}','127.0.0.1',69,'2020-05-09 10:30:28'),('f66e5554515e1befb3b5df8305689421','admin','用户管理','列表','page','{\"nickName\":\"13333333333333333333\",\"roles\":\"\",\"phone\":\"1233333\",\"disable\":\"0\",\"limit\":\"10\",\"page\":\"1\",\"username\":\"1233333333333\"}','127.0.0.1',54,'2020-10-04 16:56:26'),('f67498b3c49d3e153f50e4804177c1ba','admin','用户管理','列表','page','{\"limit\":\"10\",\"page\":\"1\"}','127.0.0.1',81,'2022-06-15 09:38:58'),('f74f69c88f8e8a79db81a96b301da54e','admin','登录模块','用户登录','login','{}','127.0.0.1',352,'2020-04-21 04:35:55'),('f77c757165ec65df1628915884ae7b9c','admin','机构管理','列表','page','{\"limit\":\"10\",\"page\":\"1\"}','127.0.0.1',31,'2020-08-20 09:12:42'),('f7a7d5cf7b002281302eb018a2c71699','admin','系统管理','列表','page','{\"limit\":\"10\",\"page\":\"1\"}','127.0.0.1',55,'2020-05-08 03:07:11'),('f8447952795224aa75263d014e7608ef','admin','代码检测','下载检测结果文件','delete','{}','127.0.0.1',142,'2020-09-07 09:34:40'),('f886f5c6d28798f87391c2abc529320a','admin','登录模块','用户登录','login','{}','127.0.0.1',273,'2020-04-30 03:54:07'),('f8c84b9ebfd1687e24acfc7079c5cce3','Anonymous','登录模块','登录验证码','captcha','{}','',3442,'2020-04-28 06:25:26'),('f980bcad223a4517c23264abe38f502e','admin','系统管理','列表','page','{\"limit\":\"10\",\"page\":\"1\"}','127.0.0.1',62,'2020-05-08 01:59:39'),('f98bd63b115f577d24d068205e2aca57','admin','菜单管理','修改','update','{}','127.0.0.1',101,'2020-04-21 03:02:31'),('f9cd35b5664315ad7f3cf7f668cd7872','admin','登录模块','用户登录','login','{}','127.0.0.1',376,'2020-09-02 07:45:12'),('f9ed6cdc7a1b2126fc20ff67a3429ce3','admin','系统管理','列表','page','{\"limit\":\"10\",\"page\":\"1\"}','127.0.0.1',97,'2020-05-08 02:44:59'),('fa9d98bdb29d2a125a70fbb0f8c4a75a','admin','系统管理','列表','page','{\"limit\":\"10\",\"page\":\"1\"}','127.0.0.1',65,'2020-04-13 07:56:05'),('fac43526310b2da7e9dcdfc493e56f0e','admin','登录模块','用户登录','login','{}','127.0.0.1',118,'2020-09-05 08:56:47'),('fb0c6b037d70224d10c6c1b9f8ebfbc8','admin','ZzMessage','修改','read','{}','127.0.0.1',8,'2023-06-30 07:18:38'),('fb5dbc481a721636a224b9684914b5e0','admin','登录模块','用户登录','login','{}','127.0.0.1',187,'2023-06-27 00:35:35'),('fb6d81287919c24fc50092488492119d','admin','系统管理','列表','page','{\"limit\":\"10\",\"page\":\"1\"}','127.0.0.1',65,'2020-05-08 03:09:36'),('fb97c8ae0e09ef99c50057524321fbd6','Anonymous','登录模块','登录验证码','captcha','{}','127.0.0.1',1411,'2020-07-27 07:56:16'),('fc47e5cbae0d8f7f0e58c0e108302984','Anonymous','登录模块','登录验证码','captcha','{}','127.0.0.1',33,'2022-06-16 08:44:14'),('fc48cd5a1b51fdf03962c6d295b6b048','admin','ZzMessage','修改','read','{}','127.0.0.1',7,'2023-06-30 07:26:59'),('fc4f65ca6c9ff2dba89df700d860a715','admin','ZzMessage','修改','read','{}','127.0.0.1',7,'2023-06-30 07:27:01'),('fca1a698a7866630e8e9a9520295217e','admin','登录模块','用户登录','login','{}','127.0.0.1',349,'2020-05-09 01:20:31'),('fca5851a7d2d6a518bdb1de981a7ee19','admin','菜单管理','修改','update','{}','127.0.0.1',43,'2023-06-29 09:14:48'),('fca8f6b52759ae39623ebc0fb705934e','admin','用户管理','列表','page','{\"limit\":\"10\",\"page\":\"1\"}','127.0.0.1',322,'2020-05-07 08:31:58'),('fcb6d2a9692abdf7fe3ace58be8c6037','admin','登录模块','用户登录','login','{}','127.0.0.1',100,'2020-10-24 03:51:35'),('fd14bbb21f74f48262dcb0e066878d0d','admin','用户管理','列表','page','{\"limit\":\"10\",\"page\":\"1\"}','127.0.0.1',181,'2020-11-07 17:11:26'),('fd38bc1b926841dcdc1f13e41a1e3fd2','Anonymous','登录模块','登录验证码','captcha','{}','127.0.0.1',572,'2020-08-10 07:42:45'),('fd54c8bc61d18a911727c9289e80b579','admin','ZzMessage','修改','read','{}','127.0.0.1',10,'2023-06-30 07:16:55'),('fdbab4d27ee38be9717ec795b15515ad','admin','菜单管理','修改','update','{}','127.0.0.1',35,'2023-06-29 09:21:24'),('fdc00792a50baaaca3a30e3ab26a9e52','Anonymous','登录模块','登录验证码','captcha','{}','127.0.0.1',160,'2020-09-03 02:22:29'),('fdd7e6c30c8d3a9b1a4f9562dfa4ec33','admin','ZzMessage','列表','list','{}','127.0.0.1',43,'2023-06-30 05:04:40'),('fdf9e3c0458afbd4a44bd5afc2cac064','Anonymous','登录模块','登录验证码','captcha','{}','',1777,'2020-04-13 01:32:06'),('fe6b72129643df511f6b84a860988fe7','admin','用户管理','列表','page','{\"nickName\":\"\",\"roles\":\"\",\"phone\":\"\",\"disable\":\"\",\"limit\":\"10\",\"page\":\"1\",\"username\":\"\"}','127.0.0.1',168,'2020-11-07 17:13:13'),('fe728aa9c6abdc6503126ee64739d6fe','admin','登录模块','用户登录','login','{}','127.0.0.1',722,'2020-04-20 01:22:42'),('feae030b8b544be1b3b19631a1c47569','admin','ZzMessage','修改','read','{}','127.0.0.1',11,'2023-06-30 07:18:38'),('fec6ce01ddd0c871a84afe1b270c65c4','Anonymous','登录模块','登录验证码','captcha','{}','',810,'2020-07-29 07:10:41'),('fecbff4a59ab24d18612d2a84b3a436e','admin','机构管理','列表','page','{\"deptId\":\"OR1200000389\",\"limit\":\"10\",\"page\":\"1\"}','127.0.0.1',93,'2020-05-18 07:40:38'),('fed8a20674a3b48b4ba163b38ab005cf','admin','代码检测','下载检测结果文件','delete','{}','127.0.0.1',157,'2020-09-07 09:33:35'),('fedf086cfaa62d452f76d5eec0c46812','admin','用户管理','列表','page','{\"limit\":\"10\",\"page\":\"1\"}','127.0.0.1',166,'2020-03-16 07:05:59'),('ff382c9dd3d9e72cfea3d1195fa45690','admin','系统管理','列表','page','{\"limit\":\"10\",\"page\":\"1\"}','127.0.0.1',79,'2020-11-07 17:02:30'),('ff583f1bc94c65f9843ef77abae3285c','Anonymous','登录模块','登录验证码','captcha','{}','127.0.0.1',2121,'2020-05-07 09:03:38'),('ff6894b0cbce5b63f6a6d61159637bce','admin','数据字典','导出','export','{\"diceCodes\":\"\",\"dictName\":\"\"}','127.0.0.1',228,'2020-07-24 07:56:10'),('ff7b5d517649aeb778b319f053bb076a','Anonymous','登录模块','登录验证码','captcha','{}','127.0.0.1',228,'2020-09-02 07:45:07'),('ff82b48d29c01d726f8c58f355a29dd1','Anonymous','登录模块','登录验证码','captcha','{}','127.0.0.1',26,'2022-06-17 01:14:27'),('ff93b4e3576f65f13f195dfac61a23f4','Anonymous','登录模块','登录验证码','captcha','{}','127.0.0.1',1106,'2023-06-29 08:36:10'),('ffc5c1bd7bdf83f3fb8c9a9b296099dd','admin','系统管理','列表','page','{\"limit\":\"10\",\"page\":\"1\"}','127.0.0.1',73,'2020-05-08 03:16:49');
/*!40000 ALTER TABLE `SYS_USER_OPERATION_LOG` ENABLE KEYS */;
UNLOCK TABLES;

--
-- Table structure for table `SYS_USER_ROLE`
--

DROP TABLE IF EXISTS `SYS_USER_ROLE`;
/*!40101 SET @saved_cs_client     = @@character_set_client */;
/*!50503 SET character_set_client = utf8mb4 */;
CREATE TABLE `SYS_USER_ROLE` (
  `USER_ID` varchar(50) NOT NULL,
  `ROLE_ID` varchar(50) NOT NULL,
  PRIMARY KEY (`USER_ID`,`ROLE_ID`)
) ENGINE=InnoDB DEFAULT CHARSET=utf8mb3;
/*!40101 SET character_set_client = @saved_cs_client */;

--
-- Dumping data for table `SYS_USER_ROLE`
--

LOCK TABLES `SYS_USER_ROLE` WRITE;
/*!40000 ALTER TABLE `SYS_USER_ROLE` DISABLE KEYS */;
INSERT INTO `SYS_USER_ROLE` VALUES ('1115864230968729601','1218567428905160705'),('1115864462813077506','1218567428905160705'),('1115889682278023169','1218567428905160705'),('1115897726932131841','1218567428905160705'),('1115897952292085762','1218567428905160705'),('1115899722758164481','1218567428905160705'),('1115901422860570625','1218567428905160705'),('1115901422860570625','2'),('1115903825278210050','1'),('1116300420066959361','1218567428905160705'),('1116538422137143297','1218567428905160705'),('1117666119402192897','1'),('1117666119402192897','11111218567428905160705'),('1117666119402192897','1218567428905160705'),('1118690678960066561','1111'),('1118706266428194818','1111'),('1118706266428194818','1218567428905160705'),('1138460331855884289','1111'),('1138460331855884289','1218567428905160705'),('1138463107453333505','1111'),('1138463481715273730','1111'),('1138465382401953793','1218717746478055426'),('1147850266972839937','1218567729141829633'),('1157842323041148930','1111'),('1157842678214811649','1111'),('1176673562082635778','1111'),('1189475248153251842','1218567872230510594'),('1227877059054125057','1111');
/*!40000 ALTER TABLE `SYS_USER_ROLE` ENABLE KEYS */;
UNLOCK TABLES;

--
-- Table structure for table `SYSTEM_MESSAGE`
--

DROP TABLE IF EXISTS `SYSTEM_MESSAGE`;
/*!40101 SET @saved_cs_client     = @@character_set_client */;
/*!50503 SET character_set_client = utf8mb4 */;
CREATE TABLE `SYSTEM_MESSAGE` (
  `ID` int unsigned NOT NULL AUTO_INCREMENT,
  `TYPE` int DEFAULT NULL,
  `MSG_DATE` varchar(255) CHARACTER SET utf8mb3 COLLATE utf8mb3_bin DEFAULT NULL,
  `CREATE_TIME` datetime DEFAULT NULL,
  `TOP` int DEFAULT NULL,
  `SOURCE_NAME` varchar(64) CHARACTER SET utf8mb3 COLLATE utf8mb3_bin DEFAULT NULL,
  `SEND_NAME` varchar(64) CHARACTER SET utf8mb3 COLLATE utf8mb3_bin DEFAULT NULL,
  `TITLE` varchar(64) CHARACTER SET utf8mb3 COLLATE utf8mb3_bin DEFAULT NULL,
  `IS_READER` int DEFAULT NULL,
  PRIMARY KEY (`ID`) USING BTREE
) ENGINE=InnoDB AUTO_INCREMENT=433 DEFAULT CHARSET=utf8mb3 COLLATE=utf8mb3_bin;
/*!40101 SET character_set_client = @saved_cs_client */;

--
-- Dumping data for table `SYSTEM_MESSAGE`
--

LOCK TABLES `SYSTEM_MESSAGE` WRITE;
/*!40000 ALTER TABLE `SYSTEM_MESSAGE` DISABLE KEYS */;
INSERT INTO `SYSTEM_MESSAGE` VALUES (1,1,'祝您中秋团圆,国庆快乐!','2020-09-22 16:55:42',0,'张三','李四','来自院长的祝福',0),(2,1,'祝您中秋团圆,国庆快乐!','2020-09-23 15:55:42',0,'王兀','张柳','来自院长的祝福',0),(3,1,'祝您中秋团圆,国庆快乐!','2020-09-24 12:55:42',0,'张柳','王兀','来自院长的祝福',0),(4,1,'祝您中秋团圆,国庆快乐!','2020-09-23 10:57:42',0,'张三','李四','来自院长的祝福',0),(5,1,'祝您中秋团圆,国庆快乐!','2020-09-23 13:55:42',0,'李逵','张柳','来自院长的祝福',0),(6,1,'祝您中秋团圆,国庆快乐!','2020-09-23 18:55:42',0,'李四','张三','来自院长的祝福',0),(7,1,'祝您中秋团圆,国庆快乐!','2020-09-23 20:55:42',0,'赵六','张三','来自院长的祝福',0),(8,2,'祝您中秋团圆,国庆快乐!','2020-09-23 16:55:42',0,'李清','伍媚','来自院长的祝福',0),(9,1,'祝您中秋团圆,国庆快乐!','2020-09-22 19:55:42',0,'伍媚','王五','来自院长的祝福',0),(10,1,'祝您中秋团圆,国庆快乐!','2019-12-23 16:55:42',0,'李白','张柳','来自院长的祝福',0),(11,1,'祝您中秋团圆,国庆快乐!','2020-09-22 18:01:42',0,'张柳','王兀','来自院长的祝福',0),(12,2,'祝您中秋团圆,国庆快乐!','2020-06-23 12:55:42',0,'四一','污了污了','来自院长的祝福',0),(13,1,'我的崽崽们,你们一定要记得吃饭,记得保暖,注意爱护自己,写代码累了,就休息下,但是要按时提交进度,有啥事记得打电话来!!爱你们','2020-01-09 16:55:42',1,'老麦,阳阳,谢总','25,26期的全体同学','来自啰嗦妈妈的嘱咐',0),(14,1,'大家中秋快乐,国庆快乐,一周时间看不到你们,挺寂寞孤独的,给你们布置作业的日子,是最开心的日子','2020-07-23 16:55:42',1,'赵文贤,魏志伟','25,26期的全体同学','来自讲师的关怀',0),(15,2,'现在是在做企业项目,大家晚上都加班加点,还被项目经理,技术经理虐待,但是,一切的辛苦付出,都是为了以后更好的就业,可以走的更远,以后可以过的更好,为了美好的明天,好好加油!!!\n','2020-09-23 11:30:42',1,'任小龙','25,26期的全体同学','来自校长的爱戴',0),(16,2,'如果你们国庆不好好把项目写了,国庆以后我就把你们扬了\n恶魔中的魔鬼--东方不败','2020-01-09 13:05:42',1,'东方不败','25,26期的全体同学','来自恶魔的忠告',0),(17,1,'祝您中秋团圆,国庆快乐! TO:王兀I am: 张三','2020-10-04 08:12:26',NULL,'张三','王兀','系统消息',0),(18,1,'祝您中秋团圆,国庆快乐! TO:张柳I am: 张三','2020-10-04 08:12:26',NULL,'张三','张柳','系统消息',0),(19,1,'祝您中秋团圆,国庆快乐! TO:李逵I am: 张三','2020-10-04 08:12:26',NULL,'张三','李逵','系统消息',0),(20,1,'祝您中秋团圆,国庆快乐! TO:李四I am: 张三','2020-10-04 08:12:26',NULL,'张三','李四','系统消息',0),(21,1,'祝您中秋团圆,国庆快乐! TO:赵六I am: 张三','2020-10-04 08:12:26',NULL,'张三','赵六','系统消息',0),(22,1,'祝您中秋团圆,国庆快乐! TO:李清I am: 张三','2020-10-04 08:12:26',NULL,'张三','李清','系统消息',0),(23,1,'祝您中秋团圆,国庆快乐! TO:伍媚I am: 张三','2020-10-04 08:12:26',NULL,'张三','伍媚','系统消息',0),(24,1,'祝您中秋团圆,国庆快乐! TO:李白I am: 张三','2020-10-04 08:12:26',NULL,'张三','李白','系统消息',0),(25,1,'祝您中秋团圆,国庆快乐! TO:张柳I am: 张三','2020-10-04 08:12:26',NULL,'张三','张柳','系统消息',0),(26,1,'祝您中秋团圆,国庆快乐! TO:四一I am: 张三','2020-10-04 08:12:26',NULL,'张三','四一','系统消息',0),(27,1,'祝您中秋团圆,国庆快乐! TO:吴起I am: 张三','2020-10-04 08:12:26',NULL,'张三','吴起','系统消息',0),(28,1,'祝您中秋团圆,国庆快乐! TO:赵文贤I am: 张三','2020-10-04 08:12:26',NULL,'张三','赵文贤','系统消息',0),(29,1,'祝您中秋团圆,国庆快乐! TO:任小龙I am: 张三','2020-10-04 08:12:26',NULL,'张三','任小龙','系统消息',0),(30,1,'祝您中秋团圆,国庆快乐! TO:东方不败I am: 张三','2020-10-04 08:12:26',NULL,'张三','东方不败','系统消息',0),(31,1,'祝您中秋团圆,国庆快乐! TO:张三I am: 王兀','2020-10-04 08:12:26',NULL,'王兀','张三','系统消息',0),(32,1,'祝您中秋团圆,国庆快乐! TO:张柳I am: 王兀','2020-10-04 08:12:26',NULL,'王兀','张柳','系统消息',0),(33,1,'祝您中秋团圆,国庆快乐! TO:李逵I am: 王兀','2020-10-04 08:12:26',NULL,'王兀','李逵','系统消息',0),(34,1,'祝您中秋团圆,国庆快乐! TO:李四I am: 王兀','2020-10-04 08:12:26',NULL,'王兀','李四','系统消息',0),(35,1,'祝您中秋团圆,国庆快乐! TO:赵六I am: 王兀','2020-10-04 08:12:26',NULL,'王兀','赵六','系统消息',1),(36,1,'祝您中秋团圆,国庆快乐! TO:李清I am: 王兀','2020-10-04 08:12:26',NULL,'王兀','李清','系统消息',1),(37,1,'祝您中秋团圆,国庆快乐! TO:伍媚I am: 王兀','2020-10-04 08:12:26',NULL,'王兀','伍媚','系统消息',1),(38,1,'祝您中秋团圆,国庆快乐! TO:李白I am: 王兀','2020-10-04 08:12:26',NULL,'王兀','李白','系统消息',1),(39,1,'祝您中秋团圆,国庆快乐! TO:张柳I am: 王兀','2020-10-04 08:12:26',NULL,'王兀','张柳','系统消息',1),(40,1,'祝您中秋团圆,国庆快乐! TO:四一I am: 王兀','2020-10-04 08:12:26',NULL,'王兀','四一','系统消息',1),(41,1,'祝您中秋团圆,国庆快乐! TO:吴起I am: 王兀','2020-10-04 08:12:26',NULL,'王兀','吴起','系统消息',1),(42,1,'祝您中秋团圆,国庆快乐! TO:赵文贤I am: 王兀','2020-10-04 08:12:26',NULL,'王兀','赵文贤','系统消息',1),(43,1,'祝您中秋团圆,国庆快乐! TO:任小龙I am: 王兀','2020-10-04 08:12:26',NULL,'王兀','任小龙','系统消息',1),(44,1,'祝您中秋团圆,国庆快乐! TO:东方不败I am: 王兀','2020-10-04 08:12:26',NULL,'王兀','东方不败','系统消息',1),(45,1,'祝您中秋团圆,国庆快乐! TO:张三I am: 张柳','2020-10-04 08:12:26',NULL,'张柳','张三','系统消息',1),(46,1,'祝您中秋团圆,国庆快乐! TO:王兀I am: 张柳','2020-10-04 08:12:26',NULL,'张柳','王兀','系统消息',1),(47,1,'祝您中秋团圆,国庆快乐! TO:李逵I am: 张柳','2020-10-04 08:12:26',NULL,'张柳','李逵','系统消息',1),(48,1,'祝您中秋团圆,国庆快乐! TO:李四I am: 张柳','2020-10-04 08:12:26',NULL,'张柳','李四','系统消息',1),(49,1,'祝您中秋团圆,国庆快乐! TO:赵六I am: 张柳','2020-10-04 08:12:26',NULL,'张柳','赵六','系统消息',1),(50,1,'祝您中秋团圆,国庆快乐! TO:李清I am: 张柳','2020-10-04 08:12:26',NULL,'张柳','李清','系统消息',1),(51,1,'祝您中秋团圆,国庆快乐! TO:伍媚I am: 张柳','2020-10-04 08:12:26',NULL,'张柳','伍媚','系统消息',1),(52,1,'祝您中秋团圆,国庆快乐! TO:李白I am: 张柳','2020-10-04 08:12:26',NULL,'张柳','李白','系统消息',1),(53,1,'祝您中秋团圆,国庆快乐! TO:四一I am: 张柳','2020-10-04 08:12:26',NULL,'张柳','四一','系统消息',1),(54,1,'祝您中秋团圆,国庆快乐! TO:吴起I am: 张柳','2020-10-04 08:12:26',NULL,'张柳','吴起','系统消息',1),(55,1,'祝您中秋团圆,国庆快乐! TO:赵文贤I am: 张柳','2020-10-04 08:12:26',NULL,'张柳','赵文贤','系统消息',1),(56,1,'祝您中秋团圆,国庆快乐! TO:任小龙I am: 张柳','2020-10-04 08:12:26',NULL,'张柳','任小龙','系统消息',1),(57,1,'祝您中秋团圆,国庆快乐! TO:东方不败I am: 张柳','2020-10-04 08:12:26',NULL,'张柳','东方不败','系统消息',1),(58,1,'祝您中秋团圆,国庆快乐! TO:张三I am: 李逵','2020-10-04 08:12:26',NULL,'李逵','张三','系统消息',1),(59,1,'祝您中秋团圆,国庆快乐! TO:王兀I am: 李逵','2020-10-04 08:12:26',NULL,'李逵','王兀','系统消息',1),(60,1,'祝您中秋团圆,国庆快乐! TO:张柳I am: 李逵','2020-10-04 08:12:26',NULL,'李逵','张柳','系统消息',1),(61,1,'祝您中秋团圆,国庆快乐! TO:李四I am: 李逵','2020-10-04 08:12:26',NULL,'李逵','李四','系统消息',1),(62,1,'祝您中秋团圆,国庆快乐! TO:赵六I am: 李逵','2020-10-04 08:12:26',NULL,'李逵','赵六','系统消息',1),(63,1,'祝您中秋团圆,国庆快乐! TO:李清I am: 李逵','2020-10-04 08:12:26',NULL,'李逵','李清','系统消息',1),(64,1,'祝您中秋团圆,国庆快乐! TO:伍媚I am: 李逵','2020-10-04 08:12:26',NULL,'李逵','伍媚','系统消息',1),(65,1,'祝您中秋团圆,国庆快乐! TO:李白I am: 李逵','2020-10-04 08:12:26',NULL,'李逵','李白','系统消息',1),(66,1,'祝您中秋团圆,国庆快乐! TO:张柳I am: 李逵','2020-10-04 08:12:26',NULL,'李逵','张柳','系统消息',1),(67,1,'祝您中秋团圆,国庆快乐! TO:四一I am: 李逵','2020-10-04 08:12:26',NULL,'李逵','四一','系统消息',1),(68,1,'祝您中秋团圆,国庆快乐! TO:吴起I am: 李逵','2020-10-04 08:12:26',NULL,'李逵','吴起','系统消息',1),(69,1,'祝您中秋团圆,国庆快乐! TO:赵文贤I am: 李逵','2020-10-04 08:12:26',NULL,'李逵','赵文贤','系统消息',1),(70,1,'祝您中秋团圆,国庆快乐! TO:任小龙I am: 李逵','2020-10-04 08:12:26',NULL,'李逵','任小龙','系统消息',1),(71,1,'祝您中秋团圆,国庆快乐! TO:东方不败I am: 李逵','2020-10-04 08:12:26',NULL,'李逵','东方不败','系统消息',1),(72,1,'祝您中秋团圆,国庆快乐! TO:张三I am: 李四','2020-10-04 08:12:26',NULL,'李四','张三','系统消息',1),(73,1,'祝您中秋团圆,国庆快乐! TO:王兀I am: 李四','2020-10-04 08:12:26',NULL,'李四','王兀','系统消息',1),(74,1,'祝您中秋团圆,国庆快乐! TO:张柳I am: 李四','2020-10-04 08:12:26',NULL,'李四','张柳','系统消息',1),(75,1,'祝您中秋团圆,国庆快乐! TO:李逵I am: 李四','2020-10-04 08:12:26',NULL,'李四','李逵','系统消息',1),(76,1,'祝您中秋团圆,国庆快乐! TO:赵六I am: 李四','2020-10-04 08:12:26',NULL,'李四','赵六','系统消息',1),(77,1,'祝您中秋团圆,国庆快乐! TO:李清I am: 李四','2020-10-04 08:12:26',NULL,'李四','李清','系统消息',1),(78,1,'祝您中秋团圆,国庆快乐! TO:伍媚I am: 李四','2020-10-04 08:12:26',NULL,'李四','伍媚','系统消息',1),(79,1,'祝您中秋团圆,国庆快乐! TO:李白I am: 李四','2020-10-04 08:12:26',NULL,'李四','李白','系统消息',1),(80,1,'祝您中秋团圆,国庆快乐! TO:张柳I am: 李四','2020-10-04 08:12:26',NULL,'李四','张柳','系统消息',1),(81,1,'祝您中秋团圆,国庆快乐! TO:四一I am: 李四','2020-10-04 08:12:26',NULL,'李四','四一','系统消息',1),(82,1,'祝您中秋团圆,国庆快乐! TO:吴起I am: 李四','2020-10-04 08:12:26',NULL,'李四','吴起','系统消息',1),(83,1,'祝您中秋团圆,国庆快乐! TO:赵文贤I am: 李四','2020-10-04 08:12:26',NULL,'李四','赵文贤','系统消息',1),(84,1,'祝您中秋团圆,国庆快乐! TO:任小龙I am: 李四','2020-10-04 08:12:26',NULL,'李四','任小龙','系统消息',1),(85,1,'祝您中秋团圆,国庆快乐! TO:东方不败I am: 李四','2020-10-04 08:12:26',NULL,'李四','东方不败','系统消息',1),(86,1,'祝您中秋团圆,国庆快乐! TO:张三I am: 赵六','2020-10-04 08:12:26',NULL,'赵六','张三','系统消息',1),(87,1,'祝您中秋团圆,国庆快乐! TO:王兀I am: 赵六','2020-10-04 08:12:26',NULL,'赵六','王兀','系统消息',1),(88,1,'祝您中秋团圆,国庆快乐! TO:张柳I am: 赵六','2020-10-04 08:12:26',NULL,'赵六','张柳','系统消息',1),(89,1,'祝您中秋团圆,国庆快乐! TO:李逵I am: 赵六','2020-10-04 08:12:26',NULL,'赵六','李逵','系统消息',1),(90,1,'祝您中秋团圆,国庆快乐! TO:李四I am: 赵六','2020-10-04 08:12:26',NULL,'赵六','李四','系统消息',1),(91,1,'祝您中秋团圆,国庆快乐! TO:李清I am: 赵六','2020-10-04 08:12:26',NULL,'赵六','李清','系统消息',1),(92,1,'祝您中秋团圆,国庆快乐! TO:伍媚I am: 赵六','2020-10-04 08:12:26',NULL,'赵六','伍媚','系统消息',1),(93,1,'祝您中秋团圆,国庆快乐! TO:李白I am: 赵六','2020-10-04 08:12:26',NULL,'赵六','李白','系统消息',1),(94,1,'祝您中秋团圆,国庆快乐! TO:张柳I am: 赵六','2020-10-04 08:12:26',NULL,'赵六','张柳','系统消息',1),(95,1,'祝您中秋团圆,国庆快乐! TO:四一I am: 赵六','2020-10-04 08:12:26',NULL,'赵六','四一','系统消息',1),(96,1,'祝您中秋团圆,国庆快乐! TO:吴起I am: 赵六','2020-10-04 08:12:26',NULL,'赵六','吴起','系统消息',1),(97,1,'祝您中秋团圆,国庆快乐! TO:赵文贤I am: 赵六','2020-10-04 08:12:26',NULL,'赵六','赵文贤','系统消息',1),(98,1,'祝您中秋团圆,国庆快乐! TO:任小龙I am: 赵六','2020-10-04 08:12:26',NULL,'赵六','任小龙','系统消息',1),(99,1,'祝您中秋团圆,国庆快乐! TO:东方不败I am: 赵六','2020-10-04 08:12:26',NULL,'赵六','东方不败','系统消息',1),(100,1,'祝您中秋团圆,国庆快乐! TO:张三I am: 李清','2020-10-04 08:12:26',NULL,'李清','张三','系统消息',1),(101,1,'祝您中秋团圆,国庆快乐! TO:王兀I am: 李清','2020-10-04 08:12:26',NULL,'李清','王兀','系统消息',1),(102,1,'祝您中秋团圆,国庆快乐! TO:张柳I am: 李清','2020-10-04 08:12:26',NULL,'李清','张柳','系统消息',1),(103,1,'祝您中秋团圆,国庆快乐! TO:李逵I am: 李清','2020-10-04 08:12:26',NULL,'李清','李逵','系统消息',1),(104,1,'祝您中秋团圆,国庆快乐! TO:李四I am: 李清','2020-10-04 08:12:26',NULL,'李清','李四','系统消息',1),(105,1,'祝您中秋团圆,国庆快乐! TO:赵六I am: 李清','2020-10-04 08:12:26',NULL,'李清','赵六','系统消息',1),(106,1,'祝您中秋团圆,国庆快乐! TO:伍媚I am: 李清','2020-10-04 08:12:26',NULL,'李清','伍媚','系统消息',1),(107,1,'祝您中秋团圆,国庆快乐! TO:李白I am: 李清','2020-10-04 08:12:26',NULL,'李清','李白','系统消息',1),(108,1,'祝您中秋团圆,国庆快乐! TO:张柳I am: 李清','2020-10-04 08:12:26',NULL,'李清','张柳','系统消息',1),(109,1,'祝您中秋团圆,国庆快乐! TO:四一I am: 李清','2020-10-04 08:12:26',NULL,'李清','四一','系统消息',1),(110,1,'祝您中秋团圆,国庆快乐! TO:吴起I am: 李清','2020-10-04 08:12:26',NULL,'李清','吴起','系统消息',1),(111,1,'祝您中秋团圆,国庆快乐! TO:赵文贤I am: 李清','2020-10-04 08:12:26',NULL,'李清','赵文贤','系统消息',1),(112,1,'祝您中秋团圆,国庆快乐! TO:任小龙I am: 李清','2020-10-04 08:12:26',NULL,'李清','任小龙','系统消息',1),(113,1,'祝您中秋团圆,国庆快乐! TO:东方不败I am: 李清','2020-10-04 08:12:26',NULL,'李清','东方不败','系统消息',1),(114,1,'祝您中秋团圆,国庆快乐! TO:张三I am: 伍媚','2020-10-04 08:12:26',NULL,'伍媚','张三','系统消息',1),(115,1,'祝您中秋团圆,国庆快乐! TO:王兀I am: 伍媚','2020-10-04 08:12:26',NULL,'伍媚','王兀','系统消息',1),(116,1,'祝您中秋团圆,国庆快乐! TO:张柳I am: 伍媚','2020-10-04 08:12:26',NULL,'伍媚','张柳','系统消息',1),(117,1,'祝您中秋团圆,国庆快乐! TO:李逵I am: 伍媚','2020-10-04 08:12:26',NULL,'伍媚','李逵','系统消息',1),(118,1,'祝您中秋团圆,国庆快乐! TO:李四I am: 伍媚','2020-10-04 08:12:26',NULL,'伍媚','李四','系统消息',1),(119,1,'祝您中秋团圆,国庆快乐! TO:赵六I am: 伍媚','2020-10-04 08:12:26',NULL,'伍媚','赵六','系统消息',1),(120,1,'祝您中秋团圆,国庆快乐! TO:李清I am: 伍媚','2020-10-04 08:12:26',NULL,'伍媚','李清','系统消息',1),(121,1,'祝您中秋团圆,国庆快乐! TO:李白I am: 伍媚','2020-10-04 08:12:26',NULL,'伍媚','李白','系统消息',1),(122,1,'祝您中秋团圆,国庆快乐! TO:张柳I am: 伍媚','2020-10-04 08:12:26',NULL,'伍媚','张柳','系统消息',1),(123,1,'祝您中秋团圆,国庆快乐! TO:四一I am: 伍媚','2020-10-04 08:12:26',NULL,'伍媚','四一','系统消息',1),(124,1,'祝您中秋团圆,国庆快乐! TO:吴起I am: 伍媚','2020-10-04 08:12:26',NULL,'伍媚','吴起','系统消息',1),(125,1,'祝您中秋团圆,国庆快乐! TO:赵文贤I am: 伍媚','2020-10-04 08:12:26',NULL,'伍媚','赵文贤','系统消息',1),(126,1,'祝您中秋团圆,国庆快乐! TO:任小龙I am: 伍媚','2020-10-04 08:12:26',NULL,'伍媚','任小龙','系统消息',1),(127,1,'祝您中秋团圆,国庆快乐! TO:东方不败I am: 伍媚','2020-10-04 08:12:26',NULL,'伍媚','东方不败','系统消息',1),(128,1,'祝您中秋团圆,国庆快乐! TO:张三I am: 李白','2020-10-04 08:12:26',NULL,'李白','张三','系统消息',1),(129,1,'祝您中秋团圆,国庆快乐! TO:王兀I am: 李白','2020-10-04 08:12:26',NULL,'李白','王兀','系统消息',1),(130,1,'祝您中秋团圆,国庆快乐! TO:张柳I am: 李白','2020-10-04 08:12:26',NULL,'李白','张柳','系统消息',1),(131,1,'祝您中秋团圆,国庆快乐! TO:李逵I am: 李白','2020-10-04 08:12:26',NULL,'李白','李逵','系统消息',1),(132,1,'祝您中秋团圆,国庆快乐! TO:李四I am: 李白','2020-10-04 08:12:26',NULL,'李白','李四','系统消息',1),(133,1,'祝您中秋团圆,国庆快乐! TO:赵六I am: 李白','2020-10-04 08:12:26',NULL,'李白','赵六','系统消息',1),(134,1,'祝您中秋团圆,国庆快乐! TO:李清I am: 李白','2020-10-04 08:12:26',NULL,'李白','李清','系统消息',1),(135,1,'祝您中秋团圆,国庆快乐! TO:伍媚I am: 李白','2020-10-04 08:12:26',NULL,'李白','伍媚','系统消息',1),(136,1,'祝您中秋团圆,国庆快乐! TO:张柳I am: 李白','2020-10-04 08:12:26',NULL,'李白','张柳','系统消息',1),(137,1,'祝您中秋团圆,国庆快乐! TO:四一I am: 李白','2020-10-04 08:12:26',NULL,'李白','四一','系统消息',1),(138,1,'祝您中秋团圆,国庆快乐! TO:吴起I am: 李白','2020-10-04 08:12:26',NULL,'李白','吴起','系统消息',1),(139,1,'祝您中秋团圆,国庆快乐! TO:赵文贤I am: 李白','2020-10-04 08:12:26',NULL,'李白','赵文贤','系统消息',1),(140,1,'祝您中秋团圆,国庆快乐! TO:任小龙I am: 李白','2020-10-04 08:12:26',NULL,'李白','任小龙','系统消息',1),(141,1,'祝您中秋团圆,国庆快乐! TO:东方不败I am: 李白','2020-10-04 08:12:26',NULL,'李白','东方不败','系统消息',1),(142,1,'祝您中秋团圆,国庆快乐! TO:张三I am: 张柳','2020-10-04 08:12:26',NULL,'张柳','张三','系统消息',1),(143,1,'祝您中秋团圆,国庆快乐! TO:王兀I am: 张柳','2020-10-04 08:12:26',NULL,'张柳','王兀','系统消息',1),(144,1,'祝您中秋团圆,国庆快乐! TO:李逵I am: 张柳','2020-10-04 08:12:26',NULL,'张柳','李逵','系统消息',1),(145,1,'祝您中秋团圆,国庆快乐! TO:李四I am: 张柳','2020-10-04 08:12:26',NULL,'张柳','李四','系统消息',1),(146,1,'祝您中秋团圆,国庆快乐! TO:赵六I am: 张柳','2020-10-04 08:12:26',NULL,'张柳','赵六','系统消息',0),(147,1,'祝您中秋团圆,国庆快乐! TO:李清I am: 张柳','2020-10-04 08:12:26',NULL,'张柳','李清','系统消息',0),(148,1,'祝您中秋团圆,国庆快乐! TO:伍媚I am: 张柳','2020-10-04 08:12:26',NULL,'张柳','伍媚','系统消息',0),(149,1,'祝您中秋团圆,国庆快乐! TO:李白I am: 张柳','2020-10-04 08:12:26',NULL,'张柳','李白','系统消息',0),(150,1,'祝您中秋团圆,国庆快乐! TO:四一I am: 张柳','2020-10-04 08:12:26',NULL,'张柳','四一','系统消息',0),(151,1,'祝您中秋团圆,国庆快乐! TO:吴起I am: 张柳','2020-10-04 08:12:26',NULL,'张柳','吴起','系统消息',1),(152,1,'祝您中秋团圆,国庆快乐! TO:赵文贤I am: 张柳','2020-10-04 08:12:26',NULL,'张柳','赵文贤','系统消息',1),(153,1,'祝您中秋团圆,国庆快乐! TO:任小龙I am: 张柳','2020-10-04 08:12:26',NULL,'张柳','任小龙','系统消息',1),(154,1,'祝您中秋团圆,国庆快乐! TO:东方不败I am: 张柳','2020-10-04 08:12:26',NULL,'张柳','东方不败','系统消息',1),(155,1,'祝您中秋团圆,国庆快乐! TO:张三I am: 四一','2020-10-04 08:12:26',NULL,'四一','张三','系统消息',1),(156,1,'祝您中秋团圆,国庆快乐! TO:王兀I am: 四一','2020-10-04 08:12:26',NULL,'四一','王兀','系统消息',1),(157,1,'祝您中秋团圆,国庆快乐! TO:张柳I am: 四一','2020-10-04 08:12:26',NULL,'四一','张柳','系统消息',1),(158,1,'祝您中秋团圆,国庆快乐! TO:李逵I am: 四一','2020-10-04 08:12:26',NULL,'四一','李逵','系统消息',1),(159,1,'祝您中秋团圆,国庆快乐! TO:李四I am: 四一','2020-10-04 08:12:26',NULL,'四一','李四','系统消息',1),(160,1,'祝您中秋团圆,国庆快乐! TO:赵六I am: 四一','2020-10-04 08:12:26',NULL,'四一','赵六','系统消息',1),(161,1,'祝您中秋团圆,国庆快乐! TO:李清I am: 四一','2020-10-04 08:12:26',NULL,'四一','李清','系统消息',1),(162,1,'祝您中秋团圆,国庆快乐! TO:伍媚I am: 四一','2020-10-04 08:12:26',NULL,'四一','伍媚','系统消息',1),(163,1,'祝您中秋团圆,国庆快乐! TO:李白I am: 四一','2020-10-04 08:12:26',NULL,'四一','李白','系统消息',1),(164,1,'祝您中秋团圆,国庆快乐! TO:张柳I am: 四一','2020-10-04 08:12:26',NULL,'四一','张柳','系统消息',1),(165,1,'祝您中秋团圆,国庆快乐! TO:吴起I am: 四一','2020-10-04 08:12:26',NULL,'四一','吴起','系统消息',1),(166,1,'祝您中秋团圆,国庆快乐! TO:赵文贤I am: 四一','2020-10-04 08:12:26',NULL,'四一','赵文贤','系统消息',1),(167,1,'祝您中秋团圆,国庆快乐! TO:任小龙I am: 四一','2020-10-04 08:12:26',NULL,'四一','任小龙','系统消息',1),(168,1,'祝您中秋团圆,国庆快乐! TO:东方不败I am: 四一','2020-10-04 08:12:26',NULL,'四一','东方不败','系统消息',1),(169,1,'祝您中秋团圆,国庆快乐! TO:张三I am: 吴起','2020-10-04 08:12:26',NULL,'吴起','张三','系统消息',1),(170,1,'祝您中秋团圆,国庆快乐! TO:王兀I am: 吴起','2020-10-04 08:12:26',NULL,'吴起','王兀','系统消息',1),(171,1,'祝您中秋团圆,国庆快乐! TO:张柳I am: 吴起','2020-10-04 08:12:26',NULL,'吴起','张柳','系统消息',1),(172,1,'祝您中秋团圆,国庆快乐! TO:李逵I am: 吴起','2020-10-04 08:12:26',NULL,'吴起','李逵','系统消息',1),(173,1,'祝您中秋团圆,国庆快乐! TO:李四I am: 吴起','2020-10-04 08:12:26',NULL,'吴起','李四','系统消息',1),(174,1,'祝您中秋团圆,国庆快乐! TO:赵六I am: 吴起','2020-10-04 08:12:26',NULL,'吴起','赵六','系统消息',1),(175,1,'祝您中秋团圆,国庆快乐! TO:李清I am: 吴起','2020-10-04 08:12:26',NULL,'吴起','李清','系统消息',1),(176,1,'祝您中秋团圆,国庆快乐! TO:伍媚I am: 吴起','2020-10-04 08:12:26',NULL,'吴起','伍媚','系统消息',1),(177,1,'祝您中秋团圆,国庆快乐! TO:李白I am: 吴起','2020-10-04 08:12:26',NULL,'吴起','李白','系统消息',1),(178,1,'祝您中秋团圆,国庆快乐! TO:张柳I am: 吴起','2020-10-04 08:12:26',NULL,'吴起','张柳','系统消息',1),(179,1,'祝您中秋团圆,国庆快乐! TO:四一I am: 吴起','2020-10-04 08:12:26',NULL,'吴起','四一','系统消息',1),(180,1,'祝您中秋团圆,国庆快乐! TO:赵文贤I am: 吴起','2020-10-04 08:12:26',NULL,'吴起','赵文贤','系统消息',1),(181,1,'祝您中秋团圆,国庆快乐! TO:任小龙I am: 吴起','2020-10-04 08:12:26',NULL,'吴起','任小龙','系统消息',1),(182,1,'祝您中秋团圆,国庆快乐! TO:东方不败I am: 吴起','2020-10-04 08:12:26',NULL,'吴起','东方不败','系统消息',1),(183,1,'祝您中秋团圆,国庆快乐! TO:张三I am: 赵文贤','2020-10-04 08:12:26',NULL,'赵文贤','张三','系统消息',1),(184,1,'祝您中秋团圆,国庆快乐! TO:王兀I am: 赵文贤','2020-10-04 08:12:26',NULL,'赵文贤','王兀','系统消息',1),(185,1,'祝您中秋团圆,国庆快乐! TO:张柳I am: 赵文贤','2020-10-04 08:12:26',NULL,'赵文贤','张柳','系统消息',1),(186,1,'祝您中秋团圆,国庆快乐! TO:李逵I am: 赵文贤','2020-10-04 08:12:26',NULL,'赵文贤','李逵','系统消息',1),(187,1,'祝您中秋团圆,国庆快乐! TO:李四I am: 赵文贤','2020-10-04 08:12:26',NULL,'赵文贤','李四','系统消息',1),(188,1,'祝您中秋团圆,国庆快乐! TO:赵六I am: 赵文贤','2020-10-04 08:12:26',NULL,'赵文贤','赵六','系统消息',1),(189,1,'祝您中秋团圆,国庆快乐! TO:李清I am: 赵文贤','2020-10-04 08:12:26',NULL,'赵文贤','李清','系统消息',1),(190,1,'祝您中秋团圆,国庆快乐! TO:伍媚I am: 赵文贤','2020-10-04 08:12:26',NULL,'赵文贤','伍媚','系统消息',1),(191,1,'祝您中秋团圆,国庆快乐! TO:李白I am: 赵文贤','2020-10-04 08:12:26',NULL,'赵文贤','李白','系统消息',1),(192,1,'祝您中秋团圆,国庆快乐! TO:张柳I am: 赵文贤','2020-10-04 08:12:26',NULL,'赵文贤','张柳','系统消息',1),(193,1,'祝您中秋团圆,国庆快乐! TO:四一I am: 赵文贤','2020-10-04 08:12:26',NULL,'赵文贤','四一','系统消息',1),(194,1,'祝您中秋团圆,国庆快乐! TO:吴起I am: 赵文贤','2020-10-04 08:12:26',NULL,'赵文贤','吴起','系统消息',1),(195,1,'祝您中秋团圆,国庆快乐! TO:任小龙I am: 赵文贤','2020-10-04 08:12:26',NULL,'赵文贤','任小龙','系统消息',1),(196,1,'祝您中秋团圆,国庆快乐! TO:东方不败I am: 赵文贤','2020-10-04 08:12:26',NULL,'赵文贤','东方不败','系统消息',1),(197,1,'祝您中秋团圆,国庆快乐! TO:张三I am: 任小龙','2020-10-04 08:12:26',NULL,'任小龙','张三','系统消息',1),(198,1,'祝您中秋团圆,国庆快乐! TO:王兀I am: 任小龙','2020-10-04 08:12:26',NULL,'任小龙','王兀','系统消息',1),(199,1,'祝您中秋团圆,国庆快乐! TO:张柳I am: 任小龙','2020-10-04 08:12:26',NULL,'任小龙','张柳','系统消息',1),(200,1,'祝您中秋团圆,国庆快乐! TO:李逵I am: 任小龙','2020-10-04 08:12:26',NULL,'任小龙','李逵','系统消息',1),(201,1,'祝您中秋团圆,国庆快乐! TO:李四I am: 任小龙','2020-10-04 08:12:26',NULL,'任小龙','李四','系统消息',1),(202,1,'祝您中秋团圆,国庆快乐! TO:赵六I am: 任小龙','2020-10-04 08:12:26',NULL,'任小龙','赵六','系统消息',1),(203,1,'祝您中秋团圆,国庆快乐! TO:李清I am: 任小龙','2020-10-04 08:12:26',NULL,'任小龙','李清','系统消息',1),(204,1,'祝您中秋团圆,国庆快乐! TO:伍媚I am: 任小龙','2020-10-04 08:12:26',NULL,'任小龙','伍媚','系统消息',1),(205,1,'祝您中秋团圆,国庆快乐! TO:李白I am: 任小龙','2020-10-04 08:12:26',NULL,'任小龙','李白','系统消息',1),(206,1,'祝您中秋团圆,国庆快乐! TO:张柳I am: 任小龙','2020-10-04 08:12:26',NULL,'任小龙','张柳','系统消息',1),(207,1,'祝您中秋团圆,国庆快乐! TO:四一I am: 任小龙','2020-10-04 08:12:26',NULL,'任小龙','四一','系统消息',1),(208,1,'祝您中秋团圆,国庆快乐! TO:吴起I am: 任小龙','2020-10-04 08:12:26',NULL,'任小龙','吴起','系统消息',1),(209,1,'祝您中秋团圆,国庆快乐! TO:赵文贤I am: 任小龙','2020-10-04 08:12:26',NULL,'任小龙','赵文贤','系统消息',1),(210,1,'祝您中秋团圆,国庆快乐! TO:东方不败I am: 任小龙','2020-10-04 08:12:26',NULL,'任小龙','东方不败','系统消息',1),(211,1,'祝您中秋团圆,国庆快乐! TO:张三I am: 东方不败','2020-10-04 08:12:26',NULL,'东方不败','张三','系统消息',1),(212,1,'祝您中秋团圆,国庆快乐! TO:王兀I am: 东方不败','2020-10-04 08:12:26',NULL,'东方不败','王兀','系统消息',1),(213,1,'祝您中秋团圆,国庆快乐! TO:张柳I am: 东方不败','2020-10-04 08:12:26',NULL,'东方不败','张柳','系统消息',1),(214,1,'祝您中秋团圆,国庆快乐! TO:李逵I am: 东方不败','2020-10-04 08:12:26',NULL,'东方不败','李逵','系统消息',1),(215,1,'祝您中秋团圆,国庆快乐! TO:李四I am: 东方不败','2020-10-04 08:12:26',NULL,'东方不败','李四','系统消息',1),(216,1,'祝您中秋团圆,国庆快乐! TO:赵六I am: 东方不败','2020-10-04 08:12:26',NULL,'东方不败','赵六','系统消息',1),(217,1,'祝您中秋团圆,国庆快乐! TO:李清I am: 东方不败','2020-10-04 08:12:26',NULL,'东方不败','李清','系统消息',1),(218,1,'祝您中秋团圆,国庆快乐! TO:伍媚I am: 东方不败','2020-10-04 08:12:26',NULL,'东方不败','伍媚','系统消息',1),(219,1,'祝您中秋团圆,国庆快乐! TO:李白I am: 东方不败','2020-10-04 08:12:26',NULL,'东方不败','李白','系统消息',1),(220,1,'祝您中秋团圆,国庆快乐! TO:张柳I am: 东方不败','2020-10-04 08:12:26',NULL,'东方不败','张柳','系统消息',1),(221,1,'祝您中秋团圆,国庆快乐! TO:四一I am: 东方不败','2020-10-04 08:12:26',NULL,'东方不败','四一','系统消息',1),(222,1,'祝您中秋团圆,国庆快乐! TO:吴起I am: 东方不败','2020-10-04 08:12:26',NULL,'东方不败','吴起','系统消息',1),(223,1,'祝您中秋团圆,国庆快乐! TO:赵文贤I am: 东方不败','2020-10-04 08:12:26',NULL,'东方不败','赵文贤','系统消息',1),(224,1,'祝您中秋团圆,国庆快乐! TO:任小龙I am: 东方不败','2020-10-04 08:12:26',NULL,'东方不败','任小龙','系统消息',1),(225,2,'现在是在做企业项目,一切的辛苦付出,都是为了以后更好的就业,可以走的更远,以后可以过的更好,为了美好的明天,好好加油!!!','2020-10-04 08:12:26',NULL,'张三','王兀','个人消息',1),(226,2,'现在是在做企业项目,一切的辛苦付出,都是为了以后更好的就业,可以走的更远,以后可以过的更好,为了美好的明天,好好加油!!!','2020-10-04 08:12:26',NULL,'张三','张柳','个人消息',1),(227,2,'现在是在做企业项目,一切的辛苦付出,都是为了以后更好的就业,可以走的更远,以后可以过的更好,为了美好的明天,好好加油!!!','2020-10-04 08:12:26',NULL,'张三','李逵','个人消息',1),(228,2,'现在是在做企业项目,一切的辛苦付出,都是为了以后更好的就业,可以走的更远,以后可以过的更好,为了美好的明天,好好加油!!!','2020-10-04 08:12:26',NULL,'张三','李四','个人消息',1),(229,2,'现在是在做企业项目,一切的辛苦付出,都是为了以后更好的就业,可以走的更远,以后可以过的更好,为了美好的明天,好好加油!!!','2020-10-04 08:12:26',NULL,'张三','赵六','个人消息',1),(230,2,'现在是在做企业项目,一切的辛苦付出,都是为了以后更好的就业,可以走的更远,以后可以过的更好,为了美好的明天,好好加油!!!','2020-10-04 08:12:26',NULL,'张三','李清','个人消息',1),(231,2,'现在是在做企业项目,一切的辛苦付出,都是为了以后更好的就业,可以走的更远,以后可以过的更好,为了美好的明天,好好加油!!!','2020-10-04 08:12:26',NULL,'张三','伍媚','个人消息',1),(232,2,'现在是在做企业项目,一切的辛苦付出,都是为了以后更好的就业,可以走的更远,以后可以过的更好,为了美好的明天,好好加油!!!','2020-10-04 08:12:26',NULL,'张三','李白','个人消息',1),(233,2,'现在是在做企业项目,一切的辛苦付出,都是为了以后更好的就业,可以走的更远,以后可以过的更好,为了美好的明天,好好加油!!!','2020-10-04 08:12:26',NULL,'张三','张柳','个人消息',1),(234,2,'现在是在做企业项目,一切的辛苦付出,都是为了以后更好的就业,可以走的更远,以后可以过的更好,为了美好的明天,好好加油!!!','2020-10-04 08:12:26',NULL,'张三','四一','个人消息',1),(235,2,'现在是在做企业项目,一切的辛苦付出,都是为了以后更好的就业,可以走的更远,以后可以过的更好,为了美好的明天,好好加油!!!','2020-10-04 08:12:26',NULL,'张三','吴起','个人消息',1),(236,2,'现在是在做企业项目,一切的辛苦付出,都是为了以后更好的就业,可以走的更远,以后可以过的更好,为了美好的明天,好好加油!!!','2020-10-04 08:12:26',NULL,'张三','赵文贤','个人消息',1),(237,2,'现在是在做企业项目,一切的辛苦付出,都是为了以后更好的就业,可以走的更远,以后可以过的更好,为了美好的明天,好好加油!!!','2020-10-04 08:12:26',NULL,'张三','任小龙','个人消息',1),(238,2,'现在是在做企业项目,一切的辛苦付出,都是为了以后更好的就业,可以走的更远,以后可以过的更好,为了美好的明天,好好加油!!!','2020-10-04 08:12:26',NULL,'张三','东方不败','个人消息',1),(239,2,'现在是在做企业项目,一切的辛苦付出,都是为了以后更好的就业,可以走的更远,以后可以过的更好,为了美好的明天,好好加油!!!','2020-10-04 08:12:26',NULL,'王兀','张三','个人消息',1),(240,2,'现在是在做企业项目,一切的辛苦付出,都是为了以后更好的就业,可以走的更远,以后可以过的更好,为了美好的明天,好好加油!!!','2020-10-04 08:12:26',NULL,'王兀','张柳','个人消息',1),(241,2,'现在是在做企业项目,一切的辛苦付出,都是为了以后更好的就业,可以走的更远,以后可以过的更好,为了美好的明天,好好加油!!!','2020-10-04 08:12:26',NULL,'王兀','李逵','个人消息',1),(242,2,'现在是在做企业项目,一切的辛苦付出,都是为了以后更好的就业,可以走的更远,以后可以过的更好,为了美好的明天,好好加油!!!','2020-10-04 08:12:26',NULL,'王兀','李四','个人消息',1),(243,2,'现在是在做企业项目,一切的辛苦付出,都是为了以后更好的就业,可以走的更远,以后可以过的更好,为了美好的明天,好好加油!!!','2020-10-04 08:12:26',NULL,'王兀','赵六','个人消息',1),(244,2,'现在是在做企业项目,一切的辛苦付出,都是为了以后更好的就业,可以走的更远,以后可以过的更好,为了美好的明天,好好加油!!!','2020-10-04 08:12:26',NULL,'王兀','李清','个人消息',1),(245,2,'现在是在做企业项目,一切的辛苦付出,都是为了以后更好的就业,可以走的更远,以后可以过的更好,为了美好的明天,好好加油!!!','2020-10-04 08:12:26',NULL,'王兀','伍媚','个人消息',1),(246,2,'现在是在做企业项目,一切的辛苦付出,都是为了以后更好的就业,可以走的更远,以后可以过的更好,为了美好的明天,好好加油!!!','2020-10-04 08:12:26',NULL,'王兀','李白','个人消息',1),(247,2,'现在是在做企业项目,一切的辛苦付出,都是为了以后更好的就业,可以走的更远,以后可以过的更好,为了美好的明天,好好加油!!!','2020-10-04 08:12:26',NULL,'王兀','张柳','个人消息',1),(248,2,'现在是在做企业项目,一切的辛苦付出,都是为了以后更好的就业,可以走的更远,以后可以过的更好,为了美好的明天,好好加油!!!','2020-10-04 08:12:26',NULL,'王兀','四一','个人消息',1),(249,2,'现在是在做企业项目,一切的辛苦付出,都是为了以后更好的就业,可以走的更远,以后可以过的更好,为了美好的明天,好好加油!!!','2020-10-04 08:12:26',NULL,'王兀','吴起','个人消息',1),(250,2,'现在是在做企业项目,一切的辛苦付出,都是为了以后更好的就业,可以走的更远,以后可以过的更好,为了美好的明天,好好加油!!!','2020-10-04 08:12:26',NULL,'王兀','赵文贤','个人消息',1),(251,2,'现在是在做企业项目,一切的辛苦付出,都是为了以后更好的就业,可以走的更远,以后可以过的更好,为了美好的明天,好好加油!!!','2020-10-04 08:12:26',NULL,'王兀','任小龙','个人消息',1),(252,2,'现在是在做企业项目,一切的辛苦付出,都是为了以后更好的就业,可以走的更远,以后可以过的更好,为了美好的明天,好好加油!!!','2020-10-04 08:12:26',NULL,'王兀','东方不败','个人消息',1),(253,2,'现在是在做企业项目,一切的辛苦付出,都是为了以后更好的就业,可以走的更远,以后可以过的更好,为了美好的明天,好好加油!!!','2020-10-04 08:12:26',NULL,'张柳','张三','个人消息',1),(254,2,'现在是在做企业项目,一切的辛苦付出,都是为了以后更好的就业,可以走的更远,以后可以过的更好,为了美好的明天,好好加油!!!','2020-10-04 08:12:26',NULL,'张柳','王兀','个人消息',1),(255,2,'现在是在做企业项目,一切的辛苦付出,都是为了以后更好的就业,可以走的更远,以后可以过的更好,为了美好的明天,好好加油!!!','2020-10-04 08:12:26',NULL,'张柳','李逵','个人消息',1),(256,2,'现在是在做企业项目,一切的辛苦付出,都是为了以后更好的就业,可以走的更远,以后可以过的更好,为了美好的明天,好好加油!!!','2020-10-04 08:12:26',NULL,'张柳','李四','个人消息',0),(257,2,'现在是在做企业项目,一切的辛苦付出,都是为了以后更好的就业,可以走的更远,以后可以过的更好,为了美好的明天,好好加油!!!','2020-10-04 08:12:26',NULL,'张柳','赵六','个人消息',0),(258,2,'现在是在做企业项目,一切的辛苦付出,都是为了以后更好的就业,可以走的更远,以后可以过的更好,为了美好的明天,好好加油!!!','2020-10-04 08:12:26',NULL,'张柳','李清','个人消息',0),(259,2,'现在是在做企业项目,一切的辛苦付出,都是为了以后更好的就业,可以走的更远,以后可以过的更好,为了美好的明天,好好加油!!!','2020-10-04 08:12:26',NULL,'张柳','伍媚','个人消息',0),(260,2,'现在是在做企业项目,一切的辛苦付出,都是为了以后更好的就业,可以走的更远,以后可以过的更好,为了美好的明天,好好加油!!!','2020-10-04 08:12:26',NULL,'张柳','李白','个人消息',0),(261,2,'现在是在做企业项目,一切的辛苦付出,都是为了以后更好的就业,可以走的更远,以后可以过的更好,为了美好的明天,好好加油!!!','2020-10-04 08:12:26',NULL,'张柳','四一','个人消息',0),(262,2,'现在是在做企业项目,一切的辛苦付出,都是为了以后更好的就业,可以走的更远,以后可以过的更好,为了美好的明天,好好加油!!!','2020-10-04 08:12:26',NULL,'张柳','吴起','个人消息',0),(263,2,'现在是在做企业项目,一切的辛苦付出,都是为了以后更好的就业,可以走的更远,以后可以过的更好,为了美好的明天,好好加油!!!','2020-10-04 08:12:26',NULL,'张柳','赵文贤','个人消息',0),(264,2,'现在是在做企业项目,一切的辛苦付出,都是为了以后更好的就业,可以走的更远,以后可以过的更好,为了美好的明天,好好加油!!!','2020-10-04 08:12:26',NULL,'张柳','任小龙','个人消息',0),(265,2,'现在是在做企业项目,一切的辛苦付出,都是为了以后更好的就业,可以走的更远,以后可以过的更好,为了美好的明天,好好加油!!!','2020-10-04 08:12:26',NULL,'张柳','东方不败','个人消息',0),(266,2,'现在是在做企业项目,一切的辛苦付出,都是为了以后更好的就业,可以走的更远,以后可以过的更好,为了美好的明天,好好加油!!!','2020-10-04 08:12:26',NULL,'李逵','张三','个人消息',0),(267,2,'现在是在做企业项目,一切的辛苦付出,都是为了以后更好的就业,可以走的更远,以后可以过的更好,为了美好的明天,好好加油!!!','2020-10-04 08:12:26',NULL,'李逵','王兀','个人消息',0),(268,2,'现在是在做企业项目,一切的辛苦付出,都是为了以后更好的就业,可以走的更远,以后可以过的更好,为了美好的明天,好好加油!!!','2020-10-04 08:12:26',NULL,'李逵','张柳','个人消息',0),(269,2,'现在是在做企业项目,一切的辛苦付出,都是为了以后更好的就业,可以走的更远,以后可以过的更好,为了美好的明天,好好加油!!!','2020-10-04 08:12:26',NULL,'李逵','李四','个人消息',0),(270,2,'现在是在做企业项目,一切的辛苦付出,都是为了以后更好的就业,可以走的更远,以后可以过的更好,为了美好的明天,好好加油!!!','2020-10-04 08:12:26',NULL,'李逵','赵六','个人消息',0),(271,2,'现在是在做企业项目,一切的辛苦付出,都是为了以后更好的就业,可以走的更远,以后可以过的更好,为了美好的明天,好好加油!!!','2020-10-04 08:12:26',NULL,'李逵','李清','个人消息',0),(272,2,'现在是在做企业项目,一切的辛苦付出,都是为了以后更好的就业,可以走的更远,以后可以过的更好,为了美好的明天,好好加油!!!','2020-10-04 08:12:26',NULL,'李逵','伍媚','个人消息',0),(273,2,'现在是在做企业项目,一切的辛苦付出,都是为了以后更好的就业,可以走的更远,以后可以过的更好,为了美好的明天,好好加油!!!','2020-10-04 08:12:26',NULL,'李逵','李白','个人消息',0),(274,2,'现在是在做企业项目,一切的辛苦付出,都是为了以后更好的就业,可以走的更远,以后可以过的更好,为了美好的明天,好好加油!!!','2020-10-04 08:12:26',NULL,'李逵','张柳','个人消息',0),(275,2,'现在是在做企业项目,一切的辛苦付出,都是为了以后更好的就业,可以走的更远,以后可以过的更好,为了美好的明天,好好加油!!!','2020-10-04 08:12:26',NULL,'李逵','四一','个人消息',0),(276,2,'现在是在做企业项目,一切的辛苦付出,都是为了以后更好的就业,可以走的更远,以后可以过的更好,为了美好的明天,好好加油!!!','2020-10-04 08:12:26',NULL,'李逵','吴起','个人消息',0),(277,2,'现在是在做企业项目,一切的辛苦付出,都是为了以后更好的就业,可以走的更远,以后可以过的更好,为了美好的明天,好好加油!!!','2020-10-04 08:12:26',NULL,'李逵','赵文贤','个人消息',0),(278,2,'现在是在做企业项目,一切的辛苦付出,都是为了以后更好的就业,可以走的更远,以后可以过的更好,为了美好的明天,好好加油!!!','2020-10-04 08:12:26',NULL,'李逵','任小龙','个人消息',0),(279,2,'现在是在做企业项目,一切的辛苦付出,都是为了以后更好的就业,可以走的更远,以后可以过的更好,为了美好的明天,好好加油!!!','2020-10-04 08:12:26',NULL,'李逵','东方不败','个人消息',0),(280,2,'现在是在做企业项目,一切的辛苦付出,都是为了以后更好的就业,可以走的更远,以后可以过的更好,为了美好的明天,好好加油!!!','2020-10-04 08:12:26',NULL,'李四','张三','个人消息',0),(281,2,'现在是在做企业项目,一切的辛苦付出,都是为了以后更好的就业,可以走的更远,以后可以过的更好,为了美好的明天,好好加油!!!','2020-10-04 08:12:26',NULL,'李四','王兀','个人消息',0),(282,2,'现在是在做企业项目,一切的辛苦付出,都是为了以后更好的就业,可以走的更远,以后可以过的更好,为了美好的明天,好好加油!!!','2020-10-04 08:12:26',NULL,'李四','张柳','个人消息',0),(283,2,'现在是在做企业项目,一切的辛苦付出,都是为了以后更好的就业,可以走的更远,以后可以过的更好,为了美好的明天,好好加油!!!','2020-10-04 08:12:26',NULL,'李四','李逵','个人消息',0),(284,2,'现在是在做企业项目,一切的辛苦付出,都是为了以后更好的就业,可以走的更远,以后可以过的更好,为了美好的明天,好好加油!!!','2020-10-04 08:12:26',NULL,'李四','赵六','个人消息',0),(285,2,'现在是在做企业项目,一切的辛苦付出,都是为了以后更好的就业,可以走的更远,以后可以过的更好,为了美好的明天,好好加油!!!','2020-10-04 08:12:26',NULL,'李四','李清','个人消息',0),(286,2,'现在是在做企业项目,一切的辛苦付出,都是为了以后更好的就业,可以走的更远,以后可以过的更好,为了美好的明天,好好加油!!!','2020-10-04 08:12:26',NULL,'李四','伍媚','个人消息',0),(287,2,'现在是在做企业项目,一切的辛苦付出,都是为了以后更好的就业,可以走的更远,以后可以过的更好,为了美好的明天,好好加油!!!','2020-10-04 08:12:26',NULL,'李四','李白','个人消息',0),(288,2,'现在是在做企业项目,一切的辛苦付出,都是为了以后更好的就业,可以走的更远,以后可以过的更好,为了美好的明天,好好加油!!!','2020-10-04 08:12:26',NULL,'李四','张柳','个人消息',0),(289,2,'现在是在做企业项目,一切的辛苦付出,都是为了以后更好的就业,可以走的更远,以后可以过的更好,为了美好的明天,好好加油!!!','2020-10-04 08:12:26',NULL,'李四','四一','个人消息',0),(290,2,'现在是在做企业项目,一切的辛苦付出,都是为了以后更好的就业,可以走的更远,以后可以过的更好,为了美好的明天,好好加油!!!','2020-10-04 08:12:26',NULL,'李四','吴起','个人消息',0),(291,2,'现在是在做企业项目,一切的辛苦付出,都是为了以后更好的就业,可以走的更远,以后可以过的更好,为了美好的明天,好好加油!!!','2020-10-04 08:12:26',NULL,'李四','赵文贤','个人消息',0),(292,2,'现在是在做企业项目,一切的辛苦付出,都是为了以后更好的就业,可以走的更远,以后可以过的更好,为了美好的明天,好好加油!!!','2020-10-04 08:12:26',NULL,'李四','任小龙','个人消息',0),(293,2,'现在是在做企业项目,一切的辛苦付出,都是为了以后更好的就业,可以走的更远,以后可以过的更好,为了美好的明天,好好加油!!!','2020-10-04 08:12:26',NULL,'李四','东方不败','个人消息',0),(294,2,'现在是在做企业项目,一切的辛苦付出,都是为了以后更好的就业,可以走的更远,以后可以过的更好,为了美好的明天,好好加油!!!','2020-10-04 08:12:26',NULL,'赵六','张三','个人消息',0),(295,2,'现在是在做企业项目,一切的辛苦付出,都是为了以后更好的就业,可以走的更远,以后可以过的更好,为了美好的明天,好好加油!!!','2020-10-04 08:12:26',NULL,'赵六','王兀','个人消息',0),(296,2,'现在是在做企业项目,一切的辛苦付出,都是为了以后更好的就业,可以走的更远,以后可以过的更好,为了美好的明天,好好加油!!!','2020-10-04 08:12:26',NULL,'赵六','张柳','个人消息',0),(297,2,'现在是在做企业项目,一切的辛苦付出,都是为了以后更好的就业,可以走的更远,以后可以过的更好,为了美好的明天,好好加油!!!','2020-10-04 08:12:26',NULL,'赵六','李逵','个人消息',0),(298,2,'现在是在做企业项目,一切的辛苦付出,都是为了以后更好的就业,可以走的更远,以后可以过的更好,为了美好的明天,好好加油!!!','2020-10-04 08:12:26',NULL,'赵六','李四','个人消息',0),(299,2,'现在是在做企业项目,一切的辛苦付出,都是为了以后更好的就业,可以走的更远,以后可以过的更好,为了美好的明天,好好加油!!!','2020-10-04 08:12:26',NULL,'赵六','李清','个人消息',0),(300,2,'现在是在做企业项目,一切的辛苦付出,都是为了以后更好的就业,可以走的更远,以后可以过的更好,为了美好的明天,好好加油!!!','2020-10-04 08:12:26',NULL,'赵六','伍媚','个人消息',0),(301,2,'现在是在做企业项目,一切的辛苦付出,都是为了以后更好的就业,可以走的更远,以后可以过的更好,为了美好的明天,好好加油!!!','2020-10-04 08:12:26',NULL,'赵六','李白','个人消息',0),(302,2,'现在是在做企业项目,一切的辛苦付出,都是为了以后更好的就业,可以走的更远,以后可以过的更好,为了美好的明天,好好加油!!!','2020-10-04 08:12:26',NULL,'赵六','张柳','个人消息',0),(303,2,'现在是在做企业项目,一切的辛苦付出,都是为了以后更好的就业,可以走的更远,以后可以过的更好,为了美好的明天,好好加油!!!','2020-10-04 08:12:26',NULL,'赵六','四一','个人消息',0),(304,2,'现在是在做企业项目,一切的辛苦付出,都是为了以后更好的就业,可以走的更远,以后可以过的更好,为了美好的明天,好好加油!!!','2020-10-04 08:12:26',NULL,'赵六','吴起','个人消息',0),(305,2,'现在是在做企业项目,一切的辛苦付出,都是为了以后更好的就业,可以走的更远,以后可以过的更好,为了美好的明天,好好加油!!!','2020-10-04 08:12:26',NULL,'赵六','赵文贤','个人消息',0),(306,2,'现在是在做企业项目,一切的辛苦付出,都是为了以后更好的就业,可以走的更远,以后可以过的更好,为了美好的明天,好好加油!!!','2020-10-04 08:12:26',NULL,'赵六','任小龙','个人消息',0),(307,2,'现在是在做企业项目,一切的辛苦付出,都是为了以后更好的就业,可以走的更远,以后可以过的更好,为了美好的明天,好好加油!!!','2020-10-04 08:12:26',NULL,'赵六','东方不败','个人消息',0),(308,2,'现在是在做企业项目,一切的辛苦付出,都是为了以后更好的就业,可以走的更远,以后可以过的更好,为了美好的明天,好好加油!!!','2020-10-04 08:12:26',NULL,'李清','张三','个人消息',0),(309,2,'现在是在做企业项目,一切的辛苦付出,都是为了以后更好的就业,可以走的更远,以后可以过的更好,为了美好的明天,好好加油!!!','2020-10-04 08:12:26',NULL,'李清','王兀','个人消息',0),(310,2,'现在是在做企业项目,一切的辛苦付出,都是为了以后更好的就业,可以走的更远,以后可以过的更好,为了美好的明天,好好加油!!!','2020-10-04 08:12:26',NULL,'李清','张柳','个人消息',0),(311,2,'现在是在做企业项目,一切的辛苦付出,都是为了以后更好的就业,可以走的更远,以后可以过的更好,为了美好的明天,好好加油!!!','2020-10-04 08:12:26',NULL,'李清','李逵','个人消息',0),(312,2,'现在是在做企业项目,一切的辛苦付出,都是为了以后更好的就业,可以走的更远,以后可以过的更好,为了美好的明天,好好加油!!!','2020-10-04 08:12:26',NULL,'李清','李四','个人消息',1),(313,2,'现在是在做企业项目,一切的辛苦付出,都是为了以后更好的就业,可以走的更远,以后可以过的更好,为了美好的明天,好好加油!!!','2020-10-04 08:12:26',NULL,'李清','赵六','个人消息',1),(314,2,'现在是在做企业项目,一切的辛苦付出,都是为了以后更好的就业,可以走的更远,以后可以过的更好,为了美好的明天,好好加油!!!','2020-10-04 08:12:26',NULL,'李清','伍媚','个人消息',1),(315,2,'现在是在做企业项目,一切的辛苦付出,都是为了以后更好的就业,可以走的更远,以后可以过的更好,为了美好的明天,好好加油!!!','2020-10-04 08:12:26',NULL,'李清','李白','个人消息',1),(316,2,'现在是在做企业项目,一切的辛苦付出,都是为了以后更好的就业,可以走的更远,以后可以过的更好,为了美好的明天,好好加油!!!','2020-10-04 08:12:26',NULL,'李清','张柳','个人消息',1),(317,2,'现在是在做企业项目,一切的辛苦付出,都是为了以后更好的就业,可以走的更远,以后可以过的更好,为了美好的明天,好好加油!!!','2020-10-04 08:12:26',NULL,'李清','四一','个人消息',1),(318,2,'现在是在做企业项目,一切的辛苦付出,都是为了以后更好的就业,可以走的更远,以后可以过的更好,为了美好的明天,好好加油!!!','2020-10-04 08:12:26',NULL,'李清','吴起','个人消息',1),(319,2,'现在是在做企业项目,一切的辛苦付出,都是为了以后更好的就业,可以走的更远,以后可以过的更好,为了美好的明天,好好加油!!!','2020-10-04 08:12:26',NULL,'李清','赵文贤','个人消息',1),(320,2,'现在是在做企业项目,一切的辛苦付出,都是为了以后更好的就业,可以走的更远,以后可以过的更好,为了美好的明天,好好加油!!!','2020-10-04 08:12:26',NULL,'李清','任小龙','个人消息',1),(321,2,'现在是在做企业项目,一切的辛苦付出,都是为了以后更好的就业,可以走的更远,以后可以过的更好,为了美好的明天,好好加油!!!','2020-10-04 08:12:26',NULL,'李清','东方不败','个人消息',1),(322,2,'现在是在做企业项目,一切的辛苦付出,都是为了以后更好的就业,可以走的更远,以后可以过的更好,为了美好的明天,好好加油!!!','2020-10-04 08:12:26',NULL,'伍媚','张三','个人消息',1),(323,2,'现在是在做企业项目,一切的辛苦付出,都是为了以后更好的就业,可以走的更远,以后可以过的更好,为了美好的明天,好好加油!!!','2020-10-04 08:12:26',NULL,'伍媚','王兀','个人消息',1),(324,2,'现在是在做企业项目,一切的辛苦付出,都是为了以后更好的就业,可以走的更远,以后可以过的更好,为了美好的明天,好好加油!!!','2020-10-04 08:12:26',NULL,'伍媚','张柳','个人消息',1),(325,2,'现在是在做企业项目,一切的辛苦付出,都是为了以后更好的就业,可以走的更远,以后可以过的更好,为了美好的明天,好好加油!!!','2020-10-04 08:12:26',NULL,'伍媚','李逵','个人消息',1),(326,2,'现在是在做企业项目,一切的辛苦付出,都是为了以后更好的就业,可以走的更远,以后可以过的更好,为了美好的明天,好好加油!!!','2020-10-04 08:12:26',NULL,'伍媚','李四','个人消息',1),(327,2,'现在是在做企业项目,一切的辛苦付出,都是为了以后更好的就业,可以走的更远,以后可以过的更好,为了美好的明天,好好加油!!!','2020-10-04 08:12:26',NULL,'伍媚','赵六','个人消息',1),(328,2,'现在是在做企业项目,一切的辛苦付出,都是为了以后更好的就业,可以走的更远,以后可以过的更好,为了美好的明天,好好加油!!!','2020-10-04 08:12:26',NULL,'伍媚','李清','个人消息',1),(329,2,'现在是在做企业项目,一切的辛苦付出,都是为了以后更好的就业,可以走的更远,以后可以过的更好,为了美好的明天,好好加油!!!','2020-10-04 08:12:26',NULL,'伍媚','李白','个人消息',1),(330,2,'现在是在做企业项目,一切的辛苦付出,都是为了以后更好的就业,可以走的更远,以后可以过的更好,为了美好的明天,好好加油!!!','2020-10-04 08:12:26',NULL,'伍媚','张柳','个人消息',1),(331,2,'现在是在做企业项目,一切的辛苦付出,都是为了以后更好的就业,可以走的更远,以后可以过的更好,为了美好的明天,好好加油!!!','2020-10-04 08:12:26',NULL,'伍媚','四一','个人消息',1),(332,2,'现在是在做企业项目,一切的辛苦付出,都是为了以后更好的就业,可以走的更远,以后可以过的更好,为了美好的明天,好好加油!!!','2020-10-04 08:12:26',NULL,'伍媚','吴起','个人消息',1),(333,2,'现在是在做企业项目,一切的辛苦付出,都是为了以后更好的就业,可以走的更远,以后可以过的更好,为了美好的明天,好好加油!!!','2020-10-04 08:12:26',NULL,'伍媚','赵文贤','个人消息',1),(334,2,'现在是在做企业项目,一切的辛苦付出,都是为了以后更好的就业,可以走的更远,以后可以过的更好,为了美好的明天,好好加油!!!','2020-10-04 08:12:26',NULL,'伍媚','任小龙','个人消息',1),(335,2,'现在是在做企业项目,一切的辛苦付出,都是为了以后更好的就业,可以走的更远,以后可以过的更好,为了美好的明天,好好加油!!!','2020-10-04 08:12:26',NULL,'伍媚','东方不败','个人消息',1),(336,2,'现在是在做企业项目,一切的辛苦付出,都是为了以后更好的就业,可以走的更远,以后可以过的更好,为了美好的明天,好好加油!!!','2020-10-04 08:12:26',NULL,'李白','张三','个人消息',1),(337,2,'现在是在做企业项目,一切的辛苦付出,都是为了以后更好的就业,可以走的更远,以后可以过的更好,为了美好的明天,好好加油!!!','2020-10-04 08:12:26',NULL,'李白','王兀','个人消息',1),(338,2,'现在是在做企业项目,一切的辛苦付出,都是为了以后更好的就业,可以走的更远,以后可以过的更好,为了美好的明天,好好加油!!!','2020-10-04 08:12:26',NULL,'李白','张柳','个人消息',1),(339,2,'现在是在做企业项目,一切的辛苦付出,都是为了以后更好的就业,可以走的更远,以后可以过的更好,为了美好的明天,好好加油!!!','2020-10-04 08:12:26',NULL,'李白','李逵','个人消息',1),(340,2,'现在是在做企业项目,一切的辛苦付出,都是为了以后更好的就业,可以走的更远,以后可以过的更好,为了美好的明天,好好加油!!!','2020-10-04 08:12:26',NULL,'李白','李四','个人消息',1),(341,2,'现在是在做企业项目,一切的辛苦付出,都是为了以后更好的就业,可以走的更远,以后可以过的更好,为了美好的明天,好好加油!!!','2020-10-04 08:12:26',NULL,'李白','赵六','个人消息',1),(342,2,'现在是在做企业项目,一切的辛苦付出,都是为了以后更好的就业,可以走的更远,以后可以过的更好,为了美好的明天,好好加油!!!','2020-10-04 08:12:26',NULL,'李白','李清','个人消息',1),(343,2,'现在是在做企业项目,一切的辛苦付出,都是为了以后更好的就业,可以走的更远,以后可以过的更好,为了美好的明天,好好加油!!!','2020-10-04 08:12:26',NULL,'李白','伍媚','个人消息',1),(344,2,'现在是在做企业项目,一切的辛苦付出,都是为了以后更好的就业,可以走的更远,以后可以过的更好,为了美好的明天,好好加油!!!','2020-10-04 08:12:26',NULL,'李白','张柳','个人消息',1),(345,2,'现在是在做企业项目,一切的辛苦付出,都是为了以后更好的就业,可以走的更远,以后可以过的更好,为了美好的明天,好好加油!!!','2020-10-04 08:12:26',NULL,'李白','四一','个人消息',1),(346,2,'现在是在做企业项目,一切的辛苦付出,都是为了以后更好的就业,可以走的更远,以后可以过的更好,为了美好的明天,好好加油!!!','2020-10-04 08:12:26',NULL,'李白','吴起','个人消息',1),(347,2,'现在是在做企业项目,一切的辛苦付出,都是为了以后更好的就业,可以走的更远,以后可以过的更好,为了美好的明天,好好加油!!!','2020-10-04 08:12:26',NULL,'李白','赵文贤','个人消息',1),(348,2,'现在是在做企业项目,一切的辛苦付出,都是为了以后更好的就业,可以走的更远,以后可以过的更好,为了美好的明天,好好加油!!!','2020-10-04 08:12:26',NULL,'李白','任小龙','个人消息',1),(349,2,'现在是在做企业项目,一切的辛苦付出,都是为了以后更好的就业,可以走的更远,以后可以过的更好,为了美好的明天,好好加油!!!','2020-10-04 08:12:26',NULL,'李白','东方不败','个人消息',1),(350,2,'现在是在做企业项目,一切的辛苦付出,都是为了以后更好的就业,可以走的更远,以后可以过的更好,为了美好的明天,好好加油!!!','2020-10-04 08:12:26',NULL,'张柳','张三','个人消息',1),(351,2,'现在是在做企业项目,一切的辛苦付出,都是为了以后更好的就业,可以走的更远,以后可以过的更好,为了美好的明天,好好加油!!!','2020-10-04 08:12:26',NULL,'张柳','王兀','个人消息',1),(352,2,'现在是在做企业项目,一切的辛苦付出,都是为了以后更好的就业,可以走的更远,以后可以过的更好,为了美好的明天,好好加油!!!','2020-10-04 08:12:26',NULL,'张柳','李逵','个人消息',1),(353,2,'现在是在做企业项目,一切的辛苦付出,都是为了以后更好的就业,可以走的更远,以后可以过的更好,为了美好的明天,好好加油!!!','2020-10-04 08:12:26',NULL,'张柳','李四','个人消息',1),(354,2,'现在是在做企业项目,一切的辛苦付出,都是为了以后更好的就业,可以走的更远,以后可以过的更好,为了美好的明天,好好加油!!!','2020-10-04 08:12:26',NULL,'张柳','赵六','个人消息',1),(355,2,'现在是在做企业项目,一切的辛苦付出,都是为了以后更好的就业,可以走的更远,以后可以过的更好,为了美好的明天,好好加油!!!','2020-10-04 08:12:26',NULL,'张柳','李清','个人消息',1),(356,2,'现在是在做企业项目,一切的辛苦付出,都是为了以后更好的就业,可以走的更远,以后可以过的更好,为了美好的明天,好好加油!!!','2020-10-04 08:12:26',NULL,'张柳','伍媚','个人消息',1),(357,2,'现在是在做企业项目,一切的辛苦付出,都是为了以后更好的就业,可以走的更远,以后可以过的更好,为了美好的明天,好好加油!!!','2020-10-04 08:12:26',NULL,'张柳','李白','个人消息',1),(358,2,'现在是在做企业项目,一切的辛苦付出,都是为了以后更好的就业,可以走的更远,以后可以过的更好,为了美好的明天,好好加油!!!','2020-10-04 08:12:26',NULL,'张柳','四一','个人消息',1),(359,2,'现在是在做企业项目,一切的辛苦付出,都是为了以后更好的就业,可以走的更远,以后可以过的更好,为了美好的明天,好好加油!!!','2020-10-04 08:12:26',NULL,'张柳','吴起','个人消息',1),(360,2,'现在是在做企业项目,一切的辛苦付出,都是为了以后更好的就业,可以走的更远,以后可以过的更好,为了美好的明天,好好加油!!!','2020-10-04 08:12:26',NULL,'张柳','赵文贤','个人消息',1),(361,2,'现在是在做企业项目,一切的辛苦付出,都是为了以后更好的就业,可以走的更远,以后可以过的更好,为了美好的明天,好好加油!!!','2020-10-04 08:12:26',NULL,'张柳','任小龙','个人消息',1),(362,2,'现在是在做企业项目,一切的辛苦付出,都是为了以后更好的就业,可以走的更远,以后可以过的更好,为了美好的明天,好好加油!!!','2020-10-04 08:12:26',NULL,'张柳','东方不败','个人消息',1),(363,2,'现在是在做企业项目,一切的辛苦付出,都是为了以后更好的就业,可以走的更远,以后可以过的更好,为了美好的明天,好好加油!!!','2020-10-04 08:12:26',NULL,'四一','张三','个人消息',1),(364,2,'现在是在做企业项目,一切的辛苦付出,都是为了以后更好的就业,可以走的更远,以后可以过的更好,为了美好的明天,好好加油!!!','2020-10-04 08:12:26',NULL,'四一','王兀','个人消息',1),(365,2,'现在是在做企业项目,一切的辛苦付出,都是为了以后更好的就业,可以走的更远,以后可以过的更好,为了美好的明天,好好加油!!!','2020-10-04 08:12:26',NULL,'四一','张柳','个人消息',1),(366,2,'现在是在做企业项目,一切的辛苦付出,都是为了以后更好的就业,可以走的更远,以后可以过的更好,为了美好的明天,好好加油!!!','2020-10-04 08:12:26',NULL,'四一','李逵','个人消息',1),(367,2,'现在是在做企业项目,一切的辛苦付出,都是为了以后更好的就业,可以走的更远,以后可以过的更好,为了美好的明天,好好加油!!!','2020-10-04 08:12:26',NULL,'四一','李四','个人消息',1),(368,2,'现在是在做企业项目,一切的辛苦付出,都是为了以后更好的就业,可以走的更远,以后可以过的更好,为了美好的明天,好好加油!!!','2020-10-04 08:12:26',NULL,'四一','赵六','个人消息',1),(369,2,'现在是在做企业项目,一切的辛苦付出,都是为了以后更好的就业,可以走的更远,以后可以过的更好,为了美好的明天,好好加油!!!','2020-10-04 08:12:26',NULL,'四一','李清','个人消息',1),(370,2,'现在是在做企业项目,一切的辛苦付出,都是为了以后更好的就业,可以走的更远,以后可以过的更好,为了美好的明天,好好加油!!!','2020-10-04 08:12:26',NULL,'四一','伍媚','个人消息',1),(371,2,'现在是在做企业项目,一切的辛苦付出,都是为了以后更好的就业,可以走的更远,以后可以过的更好,为了美好的明天,好好加油!!!','2020-10-04 08:12:26',NULL,'四一','李白','个人消息',1),(372,2,'现在是在做企业项目,一切的辛苦付出,都是为了以后更好的就业,可以走的更远,以后可以过的更好,为了美好的明天,好好加油!!!','2020-10-04 08:12:26',NULL,'四一','张柳','个人消息',1),(373,2,'现在是在做企业项目,一切的辛苦付出,都是为了以后更好的就业,可以走的更远,以后可以过的更好,为了美好的明天,好好加油!!!','2020-10-04 08:12:26',NULL,'四一','吴起','个人消息',1),(374,2,'现在是在做企业项目,一切的辛苦付出,都是为了以后更好的就业,可以走的更远,以后可以过的更好,为了美好的明天,好好加油!!!','2020-10-04 08:12:26',NULL,'四一','赵文贤','个人消息',1),(375,2,'现在是在做企业项目,一切的辛苦付出,都是为了以后更好的就业,可以走的更远,以后可以过的更好,为了美好的明天,好好加油!!!','2020-10-04 08:12:26',NULL,'四一','任小龙','个人消息',1),(376,2,'现在是在做企业项目,一切的辛苦付出,都是为了以后更好的就业,可以走的更远,以后可以过的更好,为了美好的明天,好好加油!!!','2020-10-04 08:12:26',NULL,'四一','东方不败','个人消息',1),(377,2,'现在是在做企业项目,一切的辛苦付出,都是为了以后更好的就业,可以走的更远,以后可以过的更好,为了美好的明天,好好加油!!!','2020-10-04 08:12:26',NULL,'吴起','张三','个人消息',1),(378,2,'现在是在做企业项目,一切的辛苦付出,都是为了以后更好的就业,可以走的更远,以后可以过的更好,为了美好的明天,好好加油!!!','2020-10-04 08:12:26',NULL,'吴起','王兀','个人消息',1),(379,2,'现在是在做企业项目,一切的辛苦付出,都是为了以后更好的就业,可以走的更远,以后可以过的更好,为了美好的明天,好好加油!!!','2020-10-04 08:12:26',NULL,'吴起','张柳','个人消息',1),(380,2,'现在是在做企业项目,一切的辛苦付出,都是为了以后更好的就业,可以走的更远,以后可以过的更好,为了美好的明天,好好加油!!!','2020-10-04 08:12:26',NULL,'吴起','李逵','个人消息',1),(381,2,'现在是在做企业项目,一切的辛苦付出,都是为了以后更好的就业,可以走的更远,以后可以过的更好,为了美好的明天,好好加油!!!','2020-10-04 08:12:26',NULL,'吴起','李四','个人消息',1),(382,2,'现在是在做企业项目,一切的辛苦付出,都是为了以后更好的就业,可以走的更远,以后可以过的更好,为了美好的明天,好好加油!!!','2020-10-04 08:12:26',NULL,'吴起','赵六','个人消息',1),(383,2,'现在是在做企业项目,一切的辛苦付出,都是为了以后更好的就业,可以走的更远,以后可以过的更好,为了美好的明天,好好加油!!!','2020-10-04 08:12:26',NULL,'吴起','李清','个人消息',1),(384,2,'现在是在做企业项目,一切的辛苦付出,都是为了以后更好的就业,可以走的更远,以后可以过的更好,为了美好的明天,好好加油!!!','2020-10-04 08:12:26',NULL,'吴起','伍媚','个人消息',1),(385,2,'现在是在做企业项目,一切的辛苦付出,都是为了以后更好的就业,可以走的更远,以后可以过的更好,为了美好的明天,好好加油!!!','2020-10-04 08:12:26',NULL,'吴起','李白','个人消息',1),(386,2,'现在是在做企业项目,一切的辛苦付出,都是为了以后更好的就业,可以走的更远,以后可以过的更好,为了美好的明天,好好加油!!!','2020-10-04 08:12:26',NULL,'吴起','张柳','个人消息',1),(387,2,'现在是在做企业项目,一切的辛苦付出,都是为了以后更好的就业,可以走的更远,以后可以过的更好,为了美好的明天,好好加油!!!','2020-10-04 08:12:26',NULL,'吴起','四一','个人消息',1),(388,2,'现在是在做企业项目,一切的辛苦付出,都是为了以后更好的就业,可以走的更远,以后可以过的更好,为了美好的明天,好好加油!!!','2020-10-04 08:12:26',NULL,'吴起','赵文贤','个人消息',1),(389,2,'现在是在做企业项目,一切的辛苦付出,都是为了以后更好的就业,可以走的更远,以后可以过的更好,为了美好的明天,好好加油!!!','2020-10-04 08:12:26',NULL,'吴起','任小龙','个人消息',1),(390,2,'现在是在做企业项目,一切的辛苦付出,都是为了以后更好的就业,可以走的更远,以后可以过的更好,为了美好的明天,好好加油!!!','2020-10-04 08:12:26',NULL,'吴起','东方不败','个人消息',1),(391,2,'现在是在做企业项目,一切的辛苦付出,都是为了以后更好的就业,可以走的更远,以后可以过的更好,为了美好的明天,好好加油!!!','2020-10-04 08:12:26',NULL,'赵文贤','张三','个人消息',1),(392,2,'现在是在做企业项目,一切的辛苦付出,都是为了以后更好的就业,可以走的更远,以后可以过的更好,为了美好的明天,好好加油!!!','2020-10-04 08:12:26',NULL,'赵文贤','王兀','个人消息',1),(393,2,'现在是在做企业项目,一切的辛苦付出,都是为了以后更好的就业,可以走的更远,以后可以过的更好,为了美好的明天,好好加油!!!','2020-10-04 08:12:26',NULL,'赵文贤','张柳','个人消息',1),(394,2,'现在是在做企业项目,一切的辛苦付出,都是为了以后更好的就业,可以走的更远,以后可以过的更好,为了美好的明天,好好加油!!!','2020-10-04 08:12:26',NULL,'赵文贤','李逵','个人消息',1),(395,2,'现在是在做企业项目,一切的辛苦付出,都是为了以后更好的就业,可以走的更远,以后可以过的更好,为了美好的明天,好好加油!!!','2020-10-04 08:12:26',NULL,'赵文贤','李四','个人消息',1),(396,2,'现在是在做企业项目,一切的辛苦付出,都是为了以后更好的就业,可以走的更远,以后可以过的更好,为了美好的明天,好好加油!!!','2020-10-04 08:12:26',NULL,'赵文贤','赵六','个人消息',1),(397,2,'现在是在做企业项目,一切的辛苦付出,都是为了以后更好的就业,可以走的更远,以后可以过的更好,为了美好的明天,好好加油!!!','2020-10-04 08:12:26',NULL,'赵文贤','李清','个人消息',1),(398,2,'现在是在做企业项目,一切的辛苦付出,都是为了以后更好的就业,可以走的更远,以后可以过的更好,为了美好的明天,好好加油!!!','2020-10-04 08:12:26',NULL,'赵文贤','伍媚','个人消息',1),(399,2,'现在是在做企业项目,一切的辛苦付出,都是为了以后更好的就业,可以走的更远,以后可以过的更好,为了美好的明天,好好加油!!!','2020-10-04 08:12:26',NULL,'赵文贤','李白','个人消息',1),(400,2,'现在是在做企业项目,一切的辛苦付出,都是为了以后更好的就业,可以走的更远,以后可以过的更好,为了美好的明天,好好加油!!!','2020-10-04 08:12:26',NULL,'赵文贤','张柳','个人消息',1),(401,2,'现在是在做企业项目,一切的辛苦付出,都是为了以后更好的就业,可以走的更远,以后可以过的更好,为了美好的明天,好好加油!!!','2020-10-04 08:12:26',NULL,'赵文贤','四一','个人消息',1),(402,2,'现在是在做企业项目,一切的辛苦付出,都是为了以后更好的就业,可以走的更远,以后可以过的更好,为了美好的明天,好好加油!!!','2020-10-04 08:12:26',NULL,'赵文贤','吴起','个人消息',0),(403,2,'现在是在做企业项目,一切的辛苦付出,都是为了以后更好的就业,可以走的更远,以后可以过的更好,为了美好的明天,好好加油!!!','2020-10-04 08:12:26',NULL,'赵文贤','任小龙','个人消息',0),(404,2,'现在是在做企业项目,一切的辛苦付出,都是为了以后更好的就业,可以走的更远,以后可以过的更好,为了美好的明天,好好加油!!!','2020-10-04 08:12:26',NULL,'赵文贤','东方不败','个人消息',0),(405,2,'现在是在做企业项目,一切的辛苦付出,都是为了以后更好的就业,可以走的更远,以后可以过的更好,为了美好的明天,好好加油!!!','2020-10-04 08:12:26',NULL,'任小龙','张三','个人消息',0),(406,2,'现在是在做企业项目,一切的辛苦付出,都是为了以后更好的就业,可以走的更远,以后可以过的更好,为了美好的明天,好好加油!!!','2020-10-04 08:12:26',NULL,'任小龙','王兀','个人消息',1),(407,2,'现在是在做企业项目,一切的辛苦付出,都是为了以后更好的就业,可以走的更远,以后可以过的更好,为了美好的明天,好好加油!!!','2020-10-04 08:12:26',NULL,'任小龙','张柳','个人消息',1),(408,2,'现在是在做企业项目,一切的辛苦付出,都是为了以后更好的就业,可以走的更远,以后可以过的更好,为了美好的明天,好好加油!!!','2020-10-04 08:12:26',NULL,'任小龙','李逵','个人消息',1),(409,2,'现在是在做企业项目,一切的辛苦付出,都是为了以后更好的就业,可以走的更远,以后可以过的更好,为了美好的明天,好好加油!!!','2020-10-04 08:12:26',NULL,'任小龙','李四','个人消息',1),(410,2,'现在是在做企业项目,一切的辛苦付出,都是为了以后更好的就业,可以走的更远,以后可以过的更好,为了美好的明天,好好加油!!!','2020-10-04 08:12:26',NULL,'任小龙','赵六','个人消息',1),(411,2,'现在是在做企业项目,一切的辛苦付出,都是为了以后更好的就业,可以走的更远,以后可以过的更好,为了美好的明天,好好加油!!!','2020-10-04 08:12:26',NULL,'任小龙','李清','个人消息',1),(412,2,'现在是在做企业项目,一切的辛苦付出,都是为了以后更好的就业,可以走的更远,以后可以过的更好,为了美好的明天,好好加油!!!','2020-10-04 08:12:26',NULL,'任小龙','伍媚','个人消息',1),(413,2,'现在是在做企业项目,一切的辛苦付出,都是为了以后更好的就业,可以走的更远,以后可以过的更好,为了美好的明天,好好加油!!!','2020-10-04 08:12:26',NULL,'任小龙','李白','个人消息',1),(414,2,'现在是在做企业项目,一切的辛苦付出,都是为了以后更好的就业,可以走的更远,以后可以过的更好,为了美好的明天,好好加油!!!','2020-10-04 08:12:26',NULL,'任小龙','张柳','个人消息',1),(415,2,'现在是在做企业项目,一切的辛苦付出,都是为了以后更好的就业,可以走的更远,以后可以过的更好,为了美好的明天,好好加油!!!','2020-10-04 08:12:26',NULL,'任小龙','四一','个人消息',1),(416,2,'现在是在做企业项目,一切的辛苦付出,都是为了以后更好的就业,可以走的更远,以后可以过的更好,为了美好的明天,好好加油!!!','2020-10-04 08:12:26',NULL,'任小龙','吴起','个人消息',1),(417,2,'现在是在做企业项目,一切的辛苦付出,都是为了以后更好的就业,可以走的更远,以后可以过的更好,为了美好的明天,好好加油!!!','2020-10-04 08:12:26',NULL,'任小龙','赵文贤','个人消息',1),(418,2,'现在是在做企业项目,一切的辛苦付出,都是为了以后更好的就业,可以走的更远,以后可以过的更好,为了美好的明天,好好加油!!!','2020-10-04 08:12:26',NULL,'任小龙','东方不败','个人消息',1),(419,2,'现在是在做企业项目,一切的辛苦付出,都是为了以后更好的就业,可以走的更远,以后可以过的更好,为了美好的明天,好好加油!!!','2020-10-04 08:12:26',NULL,'东方不败','张三','个人消息',1),(420,2,'现在是在做企业项目,一切的辛苦付出,都是为了以后更好的就业,可以走的更远,以后可以过的更好,为了美好的明天,好好加油!!!','2020-10-04 08:12:26',NULL,'东方不败','王兀','个人消息',1),(421,2,'现在是在做企业项目,一切的辛苦付出,都是为了以后更好的就业,可以走的更远,以后可以过的更好,为了美好的明天,好好加油!!!','2020-10-04 08:12:26',NULL,'东方不败','张柳','个人消息',1),(422,2,'现在是在做企业项目,一切的辛苦付出,都是为了以后更好的就业,可以走的更远,以后可以过的更好,为了美好的明天,好好加油!!!','2020-10-04 08:12:26',NULL,'东方不败','李逵','个人消息',1),(423,2,'现在是在做企业项目,一切的辛苦付出,都是为了以后更好的就业,可以走的更远,以后可以过的更好,为了美好的明天,好好加油!!!','2020-10-04 08:12:26',NULL,'东方不败','李四','个人消息',1),(424,2,'现在是在做企业项目,一切的辛苦付出,都是为了以后更好的就业,可以走的更远,以后可以过的更好,为了美好的明天,好好加油!!!','2020-10-04 08:12:26',NULL,'东方不败','赵六','个人消息',1),(425,2,'现在是在做企业项目,一切的辛苦付出,都是为了以后更好的就业,可以走的更远,以后可以过的更好,为了美好的明天,好好加油!!!','2020-10-04 08:12:26',NULL,'东方不败','李清','个人消息',1),(426,2,'现在是在做企业项目,一切的辛苦付出,都是为了以后更好的就业,可以走的更远,以后可以过的更好,为了美好的明天,好好加油!!!','2020-10-04 08:12:26',NULL,'东方不败','伍媚','个人消息',1),(427,2,'现在是在做企业项目,一切的辛苦付出,都是为了以后更好的就业,可以走的更远,以后可以过的更好,为了美好的明天,好好加油!!!','2020-10-04 08:12:26',NULL,'东方不败','李白','个人消息',1),(428,2,'现在是在做企业项目,一切的辛苦付出,都是为了以后更好的就业,可以走的更远,以后可以过的更好,为了美好的明天,好好加油!!!','2020-10-04 08:12:26',NULL,'东方不败','张柳','个人消息',1),(429,2,'现在是在做企业项目,一切的辛苦付出,都是为了以后更好的就业,可以走的更远,以后可以过的更好,为了美好的明天,好好加油!!!','2020-10-04 08:12:26',NULL,'东方不败','四一','个人消息',1),(430,2,'现在是在做企业项目,一切的辛苦付出,都是为了以后更好的就业,可以走的更远,以后可以过的更好,为了美好的明天,好好加油!!!','2020-10-04 08:12:26',NULL,'东方不败','吴起','个人消息',1),(431,2,'现在是在做企业项目,一切的辛苦付出,都是为了以后更好的就业,可以走的更远,以后可以过的更好,为了美好的明天,好好加油!!!','2020-10-04 08:12:26',NULL,'东方不败','赵文贤','个人消息',1),(432,2,'现在是在做企业项目,一切的辛苦付出,都是为了以后更好的就业,可以走的更远,以后可以过的更好,为了美好的明天,好好加油!!!','2020-10-04 08:12:26',NULL,'东方不败','任小龙','个人消息',1);
/*!40000 ALTER TABLE `SYSTEM_MESSAGE` ENABLE KEYS */;
UNLOCK TABLES;

--
-- Table structure for table `tb_contract`
--

DROP TABLE IF EXISTS `tb_contract`;
/*!40101 SET @saved_cs_client     = @@character_set_client */;
/*!50503 SET character_set_client = utf8mb4 */;
CREATE TABLE `tb_contract` (
  `id` varchar(50) CHARACTER SET utf8mb3 COLLATE utf8mb3_bin NOT NULL,
  `cust_id` varchar(50) CHARACTER SET utf8mb3 COLLATE utf8mb3_bin DEFAULT NULL COMMENT '客户id',
  `contract_name` varchar(255) DEFAULT NULL COMMENT '合同名称',
  `contract_code` varchar(255) DEFAULT NULL COMMENT '合同编码',
  `amounts` int DEFAULT NULL COMMENT '合同金额',
  `start_date` date DEFAULT NULL COMMENT '合同生效开始时间',
  `end_date` date DEFAULT NULL COMMENT '合同生效结束时间',
  `content` longtext COMMENT '合同内容',
  `affix_seal_status` int DEFAULT '0' COMMENT '是否盖章确认 0 否 1 是',
  `audit_status` int DEFAULT '0' COMMENT '审核状态 0 未审核 1 审核通过 -1 审核不通过',
  `nullify_status` int DEFAULT '0' COMMENT '是否作废 1 作废 0 在用',
  `input_user` varchar(50) DEFAULT NULL COMMENT '录入人',
  `input_time` datetime DEFAULT NULL COMMENT '录入时间',
  `update_time` datetime DEFAULT NULL COMMENT '修改时间',
  PRIMARY KEY (`id`),
  KEY `tb_contract_tb_customer_id_fk` (`cust_id`),
  KEY `tb_contract_SYS_USER_INFO_USER_ID_fk` (`input_user`),
  CONSTRAINT `tb_contract_SYS_USER_INFO_USER_ID_fk` FOREIGN KEY (`input_user`) REFERENCES `SYS_USER_INFO` (`USER_ID`),
  CONSTRAINT `tb_contract_tb_customer_id_fk` FOREIGN KEY (`cust_id`) REFERENCES `tb_customer` (`id`)
) ENGINE=InnoDB DEFAULT CHARSET=utf8mb3 COMMENT='合同信息';
/*!40101 SET character_set_client = @saved_cs_client */;

--
-- Dumping data for table `tb_contract`
--

LOCK TABLES `tb_contract` WRITE;
/*!40000 ALTER TABLE `tb_contract` DISABLE KEYS */;
INSERT INTO `tb_contract` VALUES ('1','1','Contract A','ABC001',10000,'2023-06-01','2023-06-30','Contract A content',1,1,0,'1115864462813077506','2023-06-27 09:00:00','2023-06-27 09:00:00'),('2','2','Contract B','XYZ001',20000,'2023-07-01','2023-07-31','Contract B content',0,0,0,'1115864462813077506','2023-06-27 10:00:00','2023-06-27 10:00:00'),('3','3','Contract C','123001',30000,'2023-08-01','2023-08-31','Contract C content',1,1,0,'1115864462813077506','2023-06-27 11:00:00','2023-06-27 11:00:00');
/*!40000 ALTER TABLE `tb_contract` ENABLE KEYS */;
UNLOCK TABLES;

--
-- Table structure for table `tb_cust_linkman`
--

DROP TABLE IF EXISTS `tb_cust_linkman`;
/*!40101 SET @saved_cs_client     = @@character_set_client */;
/*!50503 SET character_set_client = utf8mb4 */;
CREATE TABLE `tb_cust_linkman` (
  `id` varchar(50) CHARACTER SET utf8mb3 COLLATE utf8mb3_bin NOT NULL,
  `cust_id` varchar(50) CHARACTER SET utf8mb3 COLLATE utf8mb3_bin NOT NULL COMMENT '客户id',
  `linkman` varchar(30) DEFAULT NULL COMMENT '联系人名字',
  `sex` int DEFAULT NULL COMMENT '性别 1 男 0 女',
  `age` int DEFAULT NULL COMMENT '年龄',
  `phone` varchar(20) DEFAULT NULL COMMENT '联系人电话',
  `position` varchar(20) DEFAULT NULL COMMENT '职位',
  `department` varchar(20) DEFAULT NULL COMMENT '部门',
  `remark` varchar(50) DEFAULT NULL COMMENT '备注信息',
  `input_user` varchar(50) DEFAULT NULL COMMENT '录入人',
  `input_time` datetime DEFAULT NULL COMMENT '录入时间',
  `employment_status` int DEFAULT NULL COMMENT '任职状态',
  PRIMARY KEY (`id`),
  KEY `idx_customer` (`cust_id`),
  KEY `tb_cust_linkman_SYS_USER_INFO_USER_ID_fk` (`input_user`),
  CONSTRAINT `tb_cust_linkman_SYS_USER_INFO_USER_ID_fk` FOREIGN KEY (`input_user`) REFERENCES `SYS_USER_INFO` (`USER_ID`),
  CONSTRAINT `tb_cust_linkman_tb_customer_id_fk` FOREIGN KEY (`cust_id`) REFERENCES `tb_customer` (`id`)
) ENGINE=InnoDB DEFAULT CHARSET=utf8mb3 COMMENT='客户联系人';
/*!40101 SET character_set_client = @saved_cs_client */;

--
-- Dumping data for table `tb_cust_linkman`
--

LOCK TABLES `tb_cust_linkman` WRITE;
/*!40000 ALTER TABLE `tb_cust_linkman` DISABLE KEYS */;
INSERT INTO `tb_cust_linkman` VALUES ('1','1','Linkman A',1,30,'1234567890','Position A','Department A','Remark A','1115864462813077506','2023-06-27 09:00:00',NULL),('2','1','Linkman B',0,25,'9876543210','Position B','Department B','Remark B','1115864462813077506','2023-06-27 10:00:00',NULL),('3','2','Linkman C',1,35,'1112223333','Position C','Department C','Remark C','1115864462813077506','2023-06-27 11:00:00',NULL),('4','3','Linkman D',0,40,'4445556666','Position D','Department D','Remark D','1115864462813077506','2023-06-27 12:00:00',NULL);
/*!40000 ALTER TABLE `tb_cust_linkman` ENABLE KEYS */;
UNLOCK TABLES;

--
-- Table structure for table `tb_customer`
--

DROP TABLE IF EXISTS `tb_customer`;
/*!40101 SET @saved_cs_client     = @@character_set_client */;
/*!50503 SET character_set_client = utf8mb4 */;
CREATE TABLE `tb_customer` (
  `id` varchar(50) CHARACTER SET utf8mb3 COLLATE utf8mb3_bin NOT NULL,
  `customer_name` varchar(100) DEFAULT NULL COMMENT '企业名称',
  `legal_leader` varchar(30) DEFAULT NULL COMMENT '法定代表人',
  `register_date` date DEFAULT NULL COMMENT '成立时间',
  `open_status` int DEFAULT NULL COMMENT '经营状态, 0 开业、1 注销、2 破产',
  `province` varchar(20) DEFAULT NULL COMMENT '所属地区省份',
  `reg_capital` varchar(20) DEFAULT NULL COMMENT '注册资本,(万元)',
  `industry` varchar(255) DEFAULT NULL COMMENT '所属行业',
  `scope` varchar(50) DEFAULT NULL COMMENT '经营范围',
  `reg_addr` varchar(255) DEFAULT NULL COMMENT '注册地址',
  `input_time` datetime DEFAULT NULL COMMENT '录入时间',
  `update_time` datetime DEFAULT NULL COMMENT '修改时间',
  `input_user_id` varchar(50) DEFAULT NULL COMMENT '录入人',
  PRIMARY KEY (`id`) USING BTREE,
  KEY `tb_customer_SYS_USER_INFO_USER_ID_fk` (`input_user_id`),
  CONSTRAINT `tb_customer_SYS_USER_INFO_USER_ID_fk` FOREIGN KEY (`input_user_id`) REFERENCES `SYS_USER_INFO` (`USER_ID`)
) ENGINE=InnoDB DEFAULT CHARSET=utf8mb3 COMMENT='客户信息';
/*!40101 SET character_set_client = @saved_cs_client */;

--
-- Dumping data for table `tb_customer`
--

LOCK TABLES `tb_customer` WRITE;
/*!40000 ALTER TABLE `tb_customer` DISABLE KEYS */;
INSERT INTO `tb_customer` VALUES ('1','糖果铺','limc','2023-06-27',0,'100000','114514','互联网','全国','fosu','2023-06-27 08:40:04','2023-06-29 08:37:34','1115864462813077506'),('2','ABC Company','John Doe','2022-01-01',0,'Province A','100','Industry A','Scope A','Address A','2022-01-01 10:00:00','2022-01-01 10:00:00','1115864462813077506'),('3','XYZ Corporation','Jane Smith','2022-02-01',1,'Province B','200','Industry B','Scope B','Address B','2022-02-01 11:00:00','2022-02-01 11:00:00','1115864462813077506'),('4','123 Enterprises','Bob Johnson','2022-03-01',2,'Province C','300','Industry C','Scope C','Address C','2022-03-01 12:00:00','2022-03-01 12:00:00','1115864462813077506');
/*!40000 ALTER TABLE `tb_customer` ENABLE KEYS */;
UNLOCK TABLES;

--
-- Table structure for table `tb_order_info`
--

DROP TABLE IF EXISTS `tb_order_info`;
/*!40101 SET @saved_cs_client     = @@character_set_client */;
/*!50503 SET character_set_client = utf8mb4 */;
CREATE TABLE `tb_order_info` (
  `id` varchar(50) CHARACTER SET utf8mb3 COLLATE utf8mb3_bin NOT NULL,
  `cust_id` varchar(50) CHARACTER SET utf8mb3 COLLATE utf8mb3_bin DEFAULT NULL COMMENT '所属客户id',
  `prod_name` varchar(50) DEFAULT NULL COMMENT '产品名称',
  `amounts` int DEFAULT NULL COMMENT '产品数量',
  `price` int DEFAULT NULL COMMENT '产品价格',
  `status` int DEFAULT NULL COMMENT '状态 0 未发货 1 已发货 2 已收货',
  `receiver` varchar(50) CHARACTER SET utf8mb3 COLLATE utf8mb3_bin DEFAULT NULL COMMENT '收货人',
  `link_phone` varchar(20) DEFAULT NULL COMMENT '收货人电话',
  `address` varchar(255) DEFAULT NULL COMMENT '收货地址',
  `logistcs` varchar(30) DEFAULT NULL COMMENT '物流',
  `logistics_code` varchar(50) DEFAULT NULL COMMENT '物流单号',
  `deliver_time` datetime DEFAULT NULL COMMENT '发货时间',
  `receive_time` datetime DEFAULT NULL COMMENT '收货时间',
  PRIMARY KEY (`id`) USING BTREE,
  KEY `idx_customer` (`cust_id`),
  CONSTRAINT `tb_order_info_tb_customer_id_fk` FOREIGN KEY (`cust_id`) REFERENCES `tb_customer` (`id`)
) ENGINE=InnoDB DEFAULT CHARSET=utf8mb3;
/*!40101 SET character_set_client = @saved_cs_client */;

--
-- Dumping data for table `tb_order_info`
--

LOCK TABLES `tb_order_info` WRITE;
/*!40000 ALTER TABLE `tb_order_info` DISABLE KEYS */;
INSERT INTO `tb_order_info` VALUES ('1','1','Product A',2,100,1,'John Doe','1234567890','123 Main St','ABC Logistics','ABC123','2023-06-01 10:00:00',NULL),('2','2','Product B',3,50,1,'Jane Smith','9876543210','456 Elm St','XYZ Logistics','XYZ789','2023-06-02 11:00:00','2023-06-03 14:30:00'),('3','3','Product C',1,200,2,'Mike Johnson','5555555555','789 Oak St','DEF Logistics','DEF456','2023-06-04 09:30:00','2023-06-06 16:45:00');
/*!40000 ALTER TABLE `tb_order_info` ENABLE KEYS */;
UNLOCK TABLES;

--
-- Table structure for table `tb_visit`
--

DROP TABLE IF EXISTS `tb_visit`;
/*!40101 SET @saved_cs_client     = @@character_set_client */;
/*!50503 SET character_set_client = utf8mb4 */;
CREATE TABLE `tb_visit` (
  `id` varchar(50) CHARACTER SET utf8mb3 COLLATE utf8mb3_bin NOT NULL COMMENT '唯一id',
  `cust_id` varchar(50) CHARACTER SET utf8mb3 COLLATE utf8mb3_bin DEFAULT NULL COMMENT '客户id',
  `linkman_id` varchar(100) CHARACTER SET utf8mb3 COLLATE utf8mb3_bin DEFAULT NULL COMMENT '联系人id',
  `visit_type` int DEFAULT NULL COMMENT '拜访方式, 1 上门走访, 2 电话拜访',
  `visit_reason` varchar(100) DEFAULT NULL COMMENT '拜访原因',
  `content` varchar(500) DEFAULT NULL COMMENT '交流内容',
  `visit_date` date DEFAULT NULL COMMENT '拜访时间',
  `input_user` varchar(50) DEFAULT NULL COMMENT '录入人',
  `input_time` datetime DEFAULT NULL COMMENT '录入时间',
  PRIMARY KEY (`id`) USING BTREE,
  KEY `IDX_customer` (`cust_id`) USING BTREE,
  KEY `IDX_linkman` (`linkman_id`) USING BTREE,
  KEY `tb_visit_SYS_USER_INFO_USER_ID_fk` (`input_user`),
  CONSTRAINT `tb_visit_SYS_USER_INFO_USER_ID_fk` FOREIGN KEY (`input_user`) REFERENCES `SYS_USER_INFO` (`USER_ID`),
  CONSTRAINT `tb_visit_tb_cust_linkman_id_fk` FOREIGN KEY (`linkman_id`) REFERENCES `tb_cust_linkman` (`id`),
  CONSTRAINT `tb_visit_tb_customer_id_fk` FOREIGN KEY (`cust_id`) REFERENCES `tb_customer` (`id`)
) ENGINE=InnoDB DEFAULT CHARSET=utf8mb3 COMMENT='拜访信息表';
/*!40101 SET character_set_client = @saved_cs_client */;

--
-- Dumping data for table `tb_visit`
--

LOCK TABLES `tb_visit` WRITE;
/*!40000 ALTER TABLE `tb_visit` DISABLE KEYS */;
INSERT INTO `tb_visit` VALUES ('1','1','1',1,'拜访原因1','交流内容1','2023-06-01','1115864462813077506','2023-06-01 10:00:00'),('2','2','2',2,'拜访原因2','交流内容2','2023-06-02','1115864462813077506','2023-06-02 11:00:00'),('3','3','3',1,'拜访原因3','交流内容3','2023-06-03','1115864462813077506','2023-06-03 12:00:00');
/*!40000 ALTER TABLE `tb_visit` ENABLE KEYS */;
UNLOCK TABLES;

--
-- Table structure for table `zz_message`
--

DROP TABLE IF EXISTS `zz_message`;
/*!40101 SET @saved_cs_client     = @@character_set_client */;
/*!50503 SET character_set_client = utf8mb4 */;
CREATE TABLE `zz_message` (
  `id` varchar(50) NOT NULL,
  `message_title` varchar(100) DEFAULT NULL COMMENT '消息标题',
  `message_type` int DEFAULT NULL COMMENT '消息类型, 0 全部消息、1 系统消息、2 个人消息',
  `publish_time` datetime DEFAULT NULL COMMENT '消息发布时间',
  `publisher_id` varchar(50) DEFAULT NULL COMMENT '消息发布人',
  `receiver_id` varchar(50) DEFAULT NULL COMMENT '消息接收人，NULL表示所有人',
  `message_content` text COMMENT '消息详情',
  `top_priority` int DEFAULT NULL COMMENT '置顶优先级，数字越大排的越前面，0表示不置顶',
  PRIMARY KEY (`id`),
  KEY `zz_message_SYS_USER_INFO_USER_ID_fk2` (`receiver_id`),
  CONSTRAINT `zz_message_SYS_USER_INFO_USER_ID_fk2` FOREIGN KEY (`receiver_id`) REFERENCES `SYS_USER_INFO` (`USER_ID`)
) ENGINE=InnoDB DEFAULT CHARSET=utf8mb3 COMMENT='系统消息中心';
/*!40101 SET character_set_client = @saved_cs_client */;

--
-- Dumping data for table `zz_message`
--

LOCK TABLES `zz_message` WRITE;
/*!40000 ALTER TABLE `zz_message` DISABLE KEYS */;
INSERT INTO `zz_message` VALUES ('002d2cd5ee84f3ebab9fbaa459d3b182',NULL,NULL,NULL,NULL,NULL,NULL,NULL),('10','Title 1',1,'2023-06-30 10:00:00','1115864462813077506','1115864462813077506','Message content 1',0),('100','Title 10',1,'2023-06-30 19:00:00','1115864462813077506','1115864462813077506','Message content 10',0),('2','个人消息',2,'2023-06-29 11:30:00','1115864462813077506','1115864462813077506','这是一条个人消息',0),('20','Title 2',1,'2023-06-30 11:00:00','1115864462813077506','1115864462813077506','Message content 2',0),('21f5a1ce79f64d088ba0e74b5c1291f3','sadfasddsssssssssssssss',NULL,'2023-06-30 00:42:49','1115864462813077506','1115864462813077506','sdf',NULL),('23bc6d1e42d4e0d8d9066d23cc803288','sdfasdf',NULL,'2023-06-30 00:42:06','1115864462813077506','1115864462813077506','sdfs',NULL),('3','置顶消息',0,'2023-06-29 12:45:00','1115864462813077506','1115864462813077506','这是一条置顶消息',1),('30','Title 3',1,'2023-06-30 12:00:00','1115864462813077506','1115864462813077506','Message content 3',0),('40','Title 4',1,'2023-06-30 13:00:00','1115864462813077506','1115864462813077506','Message content 4',0),('47d1311a92f47539f9b3c0daba404a22',NULL,NULL,NULL,NULL,NULL,NULL,NULL),('50','Title 5',1,'2023-06-30 14:00:00','1115864462813077506','1115864462813077506','Message content 5',0),('6','Title 6',1,'2023-06-30 15:00:00','1115864462813077506','1115864462813077506','Message content 6',0),('7','Title 7',1,'2023-06-30 16:00:00','1115864462813077506','1115864462813077506','Message content 7',0),('8','Title 8',1,'2023-06-30 17:00:00','1115864462813077506','1138463107453333505','Message content 8',0),('9','Title 9',1,'2023-06-30 18:00:00','1115864462813077506','1138463107453333505','Message content 9',0),('bf8f0aff55faf8266549a286112a420d','dfasfas',1,'2023-06-30 00:47:38','1115864462813077506','1138463107453333505','sdfs',7);
/*!40000 ALTER TABLE `zz_message` ENABLE KEYS */;
UNLOCK TABLES;

--
-- Table structure for table `zz_message_per_user`
--

DROP TABLE IF EXISTS `zz_message_per_user`;
/*!40101 SET @saved_cs_client     = @@character_set_client */;
/*!50503 SET character_set_client = utf8mb4 */;
CREATE TABLE `zz_message_per_user` (
  `id` varchar(50) NOT NULL,
  `user_id` varchar(50) DEFAULT NULL COMMENT '用户ID',
  `message_id` varchar(50) DEFAULT NULL COMMENT '消息ID',
  `is_read` int DEFAULT NULL COMMENT '阅读状态，0 未读、1 已读',
  `is_deleted` int DEFAULT NULL COMMENT '删除状态，0 未删除、1 已删除',
  PRIMARY KEY (`id`),
  KEY `zz_message_per_user_zz_message_id_fk` (`message_id`),
  KEY `zz_message_per_user_SYS_USER_INFO_USER_ID_fk` (`user_id`),
  CONSTRAINT `zz_message_per_user_SYS_USER_INFO_USER_ID_fk` FOREIGN KEY (`user_id`) REFERENCES `SYS_USER_INFO` (`USER_ID`),
  CONSTRAINT `zz_message_per_user_zz_message_id_fk` FOREIGN KEY (`message_id`) REFERENCES `zz_message` (`id`)
) ENGINE=InnoDB DEFAULT CHARSET=utf8mb3 COMMENT='消息阅读状态';
/*!40101 SET character_set_client = @saved_cs_client */;

--
-- Dumping data for table `zz_message_per_user`
--

LOCK TABLES `zz_message_per_user` WRITE;
/*!40000 ALTER TABLE `zz_message_per_user` DISABLE KEYS */;
INSERT INTO `zz_message_per_user` VALUES ('3dd30ba169c1b8a59f67ee3ae618e19b','1115864462813077506','9',0,0),('653f0fbddfa3a17db3a3c4d1363a23a9','1115864462813077506','100',0,0),('7ccca00339ab37e84ba1722cafa628c6','1115864462813077506','40',0,1),('848fe6438c57d3f76b2eb54a4794cc32','1115864462813077506','6',0,1),('87c4e707d57e6e5be93398999de6f4c1','1115864462813077506','10',0,1),('a9f868cc9e32388675925a390764b54c','1115864462813077506','23bc6d1e42d4e0d8d9066d23cc803288',0,1),('adfa0a3f700e92ab7f88c3a0b2401019','1115864462813077506','8',0,0),('b39fbc07d633e1c41d615bfd5fe59ecd','1115864462813077506','3',0,0),('ce2d20c457303230545f592d4ab66845','1115864462813077506','50',0,1),('d6c3023167de7768097220d25df27b10','1115864462813077506','30',0,1),('e7f7c15ecde3649251c90098e9573fbd','1115864462813077506','bf8f0aff55faf8266549a286112a420d',0,0),('e9e8be84802f671271d325f4fe44be60','1115864462813077506','21f5a1ce79f64d088ba0e74b5c1291f3',0,1),('f7e42db36dca895f2547f2ecf63e2ec2','1115864462813077506','20',0,1);
/*!40000 ALTER TABLE `zz_message_per_user` ENABLE KEYS */;
UNLOCK TABLES;
/*!40103 SET TIME_ZONE=@OLD_TIME_ZONE */;

/*!40101 SET SQL_MODE=@OLD_SQL_MODE */;
/*!40014 SET FOREIGN_KEY_CHECKS=@OLD_FOREIGN_KEY_CHECKS */;
/*!40014 SET UNIQUE_CHECKS=@OLD_UNIQUE_CHECKS */;
/*!40101 SET CHARACTER_SET_CLIENT=@OLD_CHARACTER_SET_CLIENT */;
/*!40101 SET CHARACTER_SET_RESULTS=@OLD_CHARACTER_SET_RESULTS */;
/*!40101 SET COLLATION_CONNECTION=@OLD_COLLATION_CONNECTION */;
/*!40111 SET SQL_NOTES=@OLD_SQL_NOTES */;

-- Dump completed on 2023-06-30  8:05:46
